_A02,_140,_300,_400,_A50,_C00,_E00,_435,_120,_210,_230,_425,_430,_445,_5,_710,_A03,_A20,_A35,_A60,_B00,_C06,_C08,_C15,_C30,_F00,_F05,_F10,_G00,_G10,_H10,_H12,_H13,_J00,_J10,_J13,_J14,_J16,_J17,_K05,_K12,_K15,_K20,_K21,_K30,_K31,_K39,_K40,_K41,_K42,_K43,_K44,_K60,_K80,_K81,_K82,_K83,_L05,_L10,_L13,_L15,_L20,_M00,_M08,_M09,_M10,_M14,_M15,_M17,_M29,_M36,_M38,_M39,_M40,_M45,_M48,_M53,_M55,_M57,_M59,_M62,_M66,_M69,_M71,_M73,_M76,_M77,_M78,_M79,_M80,_M81,_M86,_M87,_M90,_M91,_N00,_N05,_N15,_N17,_N18,_N19,_N20,_N21,_N50,_N51,_N52,_N53,_N54,_N58,_Q00,_Q01,_Q11,_Q21,_Q22,_R00,_R05,_R10,_R40,_S04,_S06,_S09,_S10,_S15,_S20,_S25,_S28,_S29,_S32,_S41,_S45,_S54,_S60,_S67,_S69,_S72,_S73,_S74,_S80,_T01,_T02,_T05,_T11,_U00,_U03,_U10,_U32,_Z05,_Z06,_Z07,_Z10,_Z12,_Z14,_Z15,_Z16,_Z20,_130,_135,_440,_D00,_D10,_D15,_E10,_H00,_H05,_H15,_H30,_L00,_M05,_M18,_M47,_M63,_M65,_M67,_M85,_Q20,_R06,_S00,_S02,_S03,_S07,_S36,_S44,_T12,_T13,,
_A026,_1406,_300S,_400M,_A50B,_C00E,_E00C,_4351,_120T,_210D,_230A,_425C,_430V,_445A,_M001/_L001/,_710G,_A03C,_A209,_A35B,_A60X,_B00L,_C06C/_C06X/,_C08D,_C15X,_C30B,_F00A,_F05C,_F10P,_G00M,_G10X,_H10F,_H12A,_H13A,_J00B,_J10J,_J13X,_J14A,_J16E,_J17P/_J17X/,_K05A,_K12A,_K15J,_K20E,_K21H,_K301,_K31X,_K39X,_K40B,_K41X,_K42C,_K43X,_K44A,_K60W,_K80B/_K80F/,_K81E,_K82B/_K82F/,_K83B,_L05X,_L10C,_L13C,_L15C,_L20C,_M00D,_M08X,_M09A,_M10D,_M14X,_M15A,_M17A,_M29X,_M36X,_M38E,_M39G,_M40A,_M45W,_M48X,_M53D,_M55P,_M57C,_M59X,_M62N,_M66A,_M69A,_M71A,_M73A,_M76B,_M77C,_M78A,_M79A,_M80B,_M81A,_M86A,_M87A,_M90D,_M91C,_N008,_N05S,_N15A,_N17X,_N18B,_N19C,_N20A,_N21D,_N50J,_N51M,_N52A,_N53B,_N54B,_N58X,_Q00D,_Q01F,_Q11B,_Q21W,_Q22B,_R00S,_R05A,_R10B,_R40X,_S04F,_S06X,_S09B,_S10H,_S15P,_S20H,_S25X,_S28X,_S29X,_S32M,_S41R,_S45W,_S54B/_S54X/,_S60R,_S67B,_S69A,_S72X,_S73A,_S74A,_S80C,_T01D,_T02F,_T05A,_T11B,_U00K,_U03X,_U104,_U32C,_Z05A,_Z06X,_Z07X,_Z10C,_Z12A,_Z14X,_Z15X,_Z16G,_Z20X,_1306,_1351,_440B,_D00D,_D10A,_D15A,_E10F,_H00D,_H05D,_H15B,_H30H,_L00A,_M05P,_M18A,_M47W,_M63E,_M65S,_M67C,_M85A,_Q20D,_R06A,_S00S,_S02A,_S03R,_S07A,_S36F,_S44A,_T12C,_T13F,,
_A026,_1406,_300S,_400M,_A50B,_C00E,_E00C,_4351,_120T,_210D,_230A,_425C,_430V,_445A,_M001/_L001/,_710G,_A03C,_A209,_A35B,_A60X,_B00L,_C06C/_C06X/,_C08D,_C15X,_C30B,_F00A,_F05C,_F10P,_G00M,_G10X,_H10F,_H12A,_H13A,_J00B,_J10J,_J13X,_J14A,_J16E,_J17P/_J17X/,_K05A,_K12A,_K15J,_K20E,_K21H,_K301,_K31X,_K39X,_K40B,_K41X,_K42C,_K43X,_K44A,_K60W,_K80B/_K80F/,_K81E,_K82B/_K82F/,_K83B,_L05X,_L10C,_L13C,_L15C,_L20C,_M00D,_M08X,_M09A,_M10D,_M14X,_M15A,_M17A,_M29X,_M36X,_M38E,_M39G,_M40A,_M45W,_M48X,_M53D,_M55P,_M57C,_M59X,_M62N,_M66A,_M69A,_M71A,_M73A,_M76B,_M77C,_M78A,_M79A,_M80B,_M81A,_M86A,_M87A,_M90D,_M91C,_N008,_N05S,_N15A,_N17X,_N18B,_N19C,_N20A,_N21D,_N50J,_N51M,_N52A,_N53B,_N54B,_N58X,_Q00D,_Q01X,_Q11B,_Q21W,_Q22D,_R00S,_R05A,_R10B,_R40X,_S04F,_S06X,_S09B,_S10H,_S15P,_S20H,_S25X,_S28X,_S29X,_S32M,_S41R,_S45W,_S54B/_S54X/,_S60R,_S67B,_S69A,_S72X,_S73A,_S74A,_S80C,_T01D,_T02F,_T05A,_T11B,_U00K,_U03X,_U104,_U32C,_Z05A,_Z06X,_Z07X,_Z10C,_Z12A,_Z14X,_Z15X,_Z16G,_Z20X,_1306,_1351,_440B,_D00D,_D10A,_D15A,_E10F,_H00D,_H05D,_H15B,_H30H,_L00A,_M05P,_M18A,_M47W,_M63E,_M65S,_M67C,_M85A,_Q20D,_R06A,_S00S,_S02A,_S03R,_S07A,_S36F,_S44A,_T12C,_T13F,,
_A026,_1406,_300S,_400M,_A50B,_C00E,_E00C,_4351,_120T,_210D,_230A,_425C,_430V,_445A,_A001,_710G,_A03C,_A209,_A35B,_A60X,_B00L,_C06C/_C06X/,_C08D,_C15X,_C30B,_F00A,_F05C,_F10P,_G00M,_G10X,_H10F,_H12A,_H13A,_J00B,_J10J,_J13X,_J14A,_J16E,_J17P/_J17X/,_K05A,_K12A,_K15J,_K20E,_K21H,_K301,_K31X,_K39X,_K40B,_K41X,_K42C,_K43X,_K44A,_K60W,_K80B/_K80F/,_K81E,_K82B/_K82F/,_K83B,_L05X,_L10C,_L13C,_L15C,_L20C,_M00D,_M08X,_M09A,_M10D,_M14X,_M15A,_M17A,_M29X,_M36X,_M38E,_M39G,_M40A,_M45W,_M48X,_M53D,_M55P,_M57C,_M59X,_M62N,_M66A,_M69A,_M71A,_M73A,_M76B,_M77C,_M78A,_M79A,_M80B,_M81A,_M86A,_M87A,_M90D,_M91C,_N008,_N05S,_N15A,_N17X,_N18B,_N19C,_N20A,_N21D,_N50J,_N51M,_N52A,_N53B,_N54B,_N58X,_Q00D,_Q01F,_Q11B,_Q21W,_Q22B,_R00S,_R05A,_R10B,_R40X,_S04F,_S06X,_S09B,_S10H,_S15P,_S20H,_S25X,_S28X,_S29X,_S32M,_S41R,_S45W,_S54B/_S54X/,_S60R,_S67B,_S69A,_S72X,_S73A,_S74A,_S80C,_T01D,_T02F,_T05A,_T11B,_U00K,_U03X,_U104,_U32C,_Z05A,_Z06X,_Z07X,_Z10C,_Z12A,_Z14X,_Z15X,_Z16G,_Z20X,_1306,_1351,_440B,_D00D,_D10A,_D15A,_E10F,_H00D,_H05D,_H15B,_H30H,_L00A,_M05P,_M18A,_M47W,_M63E,_M65S,_M67C,_M85A,_Q20D,_R06A,_S00S,_S02A,_S03R,_S07A,_S36F,_S44A,_T12C,_T13F,,
_A026,_1406,_300S,_400M,_A50B,_C00E,_E00C,_4351,_120T,_210D,_230A,_425C,_430V,_445A,_A001,_710G,_A03C,_A209,_A35B,_A60X,_B00L,_C06C/_C06X/,_C08D,_C15X,_C30B,_F00A,_F05C,_F10P,_G00M,_G10X,_H10F,_H12A,_H13A,_J00B,_J10J,_J13X,_J14A,_J16E,_J17P/_J17X/,_K05A,_K12A,_K15J,_K20E,_K21H,_K301,_K31X,_K39X,_K40B,_K41X,_K42C,_K43X,_K44A,_K60W,_K80B/_K80F/,_K81E,_K82B/_K82F/,_K83B,_L05X,_L10C,_L13C,_L15C,_L20C,_M00D,_M08X,_M09A,_M10D,_M14X,_M15A,_M17A,_M29X,_M36X,_M38E,_M39G,_M40A,_M45W,_M48X,_M53D,_M55P,_M57C,_M59X,_M62N,_M66A,_M69A,_M71A,_M73A,_M76B,_M77C,_M78A,_M79A,_M80B,_M81A,_M86A,_M87A,_M90D,_M91C,_N008,_N05S,_N15A,_N17X,_N18B,_N19C,_N20A,_N21D,_N50J,_N51M,_N52A,_N53B,_N54B,_N58X,_Q00D,_Q01X,_Q11B,_Q21W,_Q22D,_R00S,_R05A,_R10B,_R40X,_S04F,_S06X,_S09B,_S10H,_S15P,_S20H,_S25X,_S28X,_S29X,_S32M,_S41R,_S45W,_S54B/_S54X/,_S60R,_S67B,_S69A,_S72X,_S73A,_S74A,_S80C,_T01D,_T02F,_T05A,_T11B,_U00K,_U03X,_U104,_U32C,_Z05A,_Z06X,_Z07X,_Z10C,_Z12A,_Z14X,_Z15X,_Z16G,_Z20X,_1306,_1351,_440B,_D00D,_D10A,_D15A,_E10F,_H00D,_H05D,_H15B,_H30H,_L00A,_M05P,_M18A,_M47W,_M63E,_M65S,_M67C,_M85A,_Q20D,_R06A,_S00S,_S02A,_S03R,_S07A,_S36F,_S44A,_T12C,_T13F,,
_A026,_1406,_300S,_400M,_A50B,_C00E,_E00C,_4351,_120T,_210D,_230A,_425C,_430V,_445A,_H001,_710G,_A03C,_A209,_A35B,_A60X,_B00L,_C06C/_C06X/,_C08D,_C15X,_C30B,_F00A,_F05C,_F10P,_G00M,_G10X,_H10F,_H12A,_H13A,_J00B,_J10J,_J13X,_J14A,_J16E,_J17P/_J17X/,_K05A,_K12A,_K15J,_K20E,_K21H,_K301,_K31X,_K39X,_K40B,_K41X,_K42C,_K43X,_K44A,_K60W,_K80B/_K80F/,_K81E,_K82B/_K82F/,_K83B,_L05X,_L10C,_L13C,_L15C,_L20C,_M00D,_M08X,_M09A,_M10D,_M14X,_M15A,_M17A,_M29X,_M36X,_M38E,_M39G,_M40A,_M45W,_M48X,_M53D,_M55P,_M57C,_M59X,_M62N,_M66A,_M69A,_M71A,_M73A,_M76B,_M77C,_M78A,_M79A,_M80B,_M81A,_M86A,_M87A,_M90D,_M91C,_N008,_N05S,_N15A,_N17X,_N18B,_N19C,_N20A,_N21D,_N50J,_N51M,_N52A,_N53B,_N54B,_N58X,_Q00D,_Q01F,_Q11B,_Q21W,_Q22B,_R00S,_R05A,_R10B,_R40X,_S04F,_S06X,_S09B,_S10H,_S15P,_S20H,_S25X,_S28X,_S29X,_S32M,_S41R,_S45W,_S54B/_S54X/,_S60R,_S67B,_S69A,_S72X,_S73A,_S74A,_S80C,_T01D,_T02F,_T05A,_T11B,_U00K,_U03X,_U104,_U32C,_Z05A,_Z06X,_Z07X,_Z10C,_Z12A,_Z14X,_Z15X,_Z16G,_Z20X,_1306,_1351,_440B,_D00D,_D10A,_D15A,_E10F,_H00D,_H05D,_H15B,_H30H,_L00A,_M05P,_M18A,_M47W,_M63E,_M65S,_M67C,_M85A,_Q20D,_R06A,_S00S,_S02A,_S03R,_S07A,_S36F,_S44A,_T12C,_T13F,,
_A026,_1406,_300S,_400M,_A50B,_C00E,_E00C,_4351,_120T,_210D,_230A,_425C,_430V,_445A,_H001,_710G,_A03C,_A209,_A35B,_A60X,_B00L,_C06C/_C06X/,_C08D,_C15X,_C30B,_F00A,_F05C,_F10P,_G00M,_G10X,_H10F,_H12A,_H13A,_J00B,_J10J,_J13X,_J14A,_J16E,_J17P/_J17X/,_K05A,_K12A,_K15J,_K20E,_K21H,_K301,_K31X,_K39X,_K40B,_K41X,_K42C,_K43X,_K44A,_K60W,_K80B/_K80F/,_K81E,_K82B/_K82F/,_K83B,_L05X,_L10C,_L13C,_L15C,_L20C,_M00D,_M08X,_M09A,_M10D,_M14X,_M15A,_M17A,_M29X,_M36X,_M38E,_M39G,_M40A,_M45W,_M48X,_M53D,_M55P,_M57C,_M59X,_M62N,_M66A,_M69A,_M71A,_M73A,_M76B,_M77C,_M78A,_M79A,_M80B,_M81A,_M86A,_M87A,_M90D,_M91C,_N008,_N05S,_N15A,_N17X,_N18B,_N19C,_N20A,_N21D,_N50J,_N51M,_N52A,_N53B,_N54B,_N58X,_Q00D,_Q01X,_Q11B,_Q21W,_Q22D,_R00S,_R05A,_R10B,_R40X,_S04F,_S06X,_S09B,_S10H,_S15P,_S20H,_S25X,_S28X,_S29X,_S32M,_S41R,_S45W,_S54B/_S54X/,_S60R,_S67B,_S69A,_S72X,_S73A,_S74A,_S80C,_T01D,_T02F,_T05A,_T11B,_U00K,_U03X,_U104,_U32C,_Z05A,_Z06X,_Z07X,_Z10C,_Z12A,_Z14X,_Z15X,_Z16G,_Z20X,_1306,_1351,_440B,_D00D,_D10A,_D15A,_E10F,_H00D,_H05D,_H15B,_H30H,_L00A,_M05P,_M18A,_M47W,_M63E,_M65S,_M67C,_M85A,_Q20D,_R06A,_S00S,_S02A,_S03R,_S07A,_S36F,_S44A,_T12C,_T13F,,
_A026,_1406,_300S,_400M,_A50B,_C00E,_E00E/_E00G/,_4351,_120T,_210D,_230A,_425C,_430V,_445A,_M001/_L001/,_710G,_A03C,_A209,_A35B,_A60X,_B00L,_C06C/_C06X/,_C08D,_C15X,_C30B,_F00A,_F05C,_F10P,_G00M,_G10X,_H10F,_H12A,_H13A,_J00B,_J10J,_J13X,_J14A,_J16E,_J17P/_J17X/,_K05A,_K12A,_K15J,_K20E,_K21H,_K30U,_K31X,_K39X,_K40B,_K41X,_K42C,_K43X,_K44A,_K60W,_K80B/_K80F/,_K81E,_K82B/_K82F/,_K83B,_L05X,_L10C,_L13C,_L15C,_L20C,_M00D,_M08X,_M09A,_M10D,_M14X,_M15A,_M17A,_M29X,_M36X,_M38E,_M39G,_M40A,_M45W,_M48X,_M53D,_M55P,_M57C,_M59X,_M62N,_M66A,_M69A,_M71A,_M73A,_M76B,_M77D,_M78A,_M79A,_M80B,_M81A,_M86A,_M87A,_M90D,_M91C,_N008,_N05S,_N15A,_N17X,_N18B,_N19C,_N20A,_N21D,_N50J,_N51M,_N52A,_N53B,_N54B,_N58X,_Q00D,_Q01F,_Q11B,_Q21W,_Q22B,_R00S,_R05A,_R10B,_R40X,_S04F,_S06X,_S09B,_S10H,_S15P,_S20H,_S25X,_S28X,_S29X,_S32M,_S41R,_S45W,_S54B/_S54X/,_S60R,_S67B,_S69A,_S72X,_S73A,_S74A,_S80C,_T01D,_T02F,_T05A,_T11B,_U00K,_U03X,_U104,_U32C,_Z05A,_Z06X,_Z07X,_Z10C,_Z12A,_Z14X,_Z15X,_Z16G,_Z20X,_1306,_1351,_440B,_D00D,_D10A,_D15A,_E10F,_H00D,_H05D,_H15B,_H30H,_L00A,_M05P,_M18A,_M47W,_M63E,_M65S,_M67C,_M85A,_Q20D,_R06A,_S00S,_S02A,_S03R,_S07A,_S36F,_S44A,_T12C,_T13F,,
_A026,_1406,_300S,_400M,_A50B,_C00E,_E00E/_E00G/,_4351,_120T,_210D,_230A,_425C,_430V,_445A,_M001/_L001/,_710G,_A03C,_A209,_A35B,_A60X,_B00L,_C06C/_C06X/,_C08D,_C15X,_C30B,_F00A,_F05C,_F10P,_G00M,_G10X,_H10F,_H12A,_H13A,_J00B,_J10J,_J13X,_J14A,_J16E,_J17P/_J17X/,_K05A,_K12A,_K15J,_K20E,_K21H,_K30U,_K31X,_K39X,_K40B,_K41X,_K42C,_K43X,_K44A,_K60W,_K80B/_K80F/,_K81E,_K82B/_K82F/,_K83B,_L05X,_L10C,_L13C,_L15C,_L20C,_M00D,_M08X,_M09A,_M10D,_M14X,_M15A,_M17A,_M29X,_M36X,_M38E,_M39G,_M40A,_M45W,_M48X,_M53D,_M55P,_M57C,_M59X,_M62N,_M66A,_M69A,_M71A,_M73A,_M76B,_M77D,_M78A,_M79A,_M80B,_M81A,_M86A,_M87A,_M90D,_M91C,_N008,_N05S,_N15A,_N17X,_N18B,_N19C,_N20A,_N21D,_N50J,_N51M,_N52A,_N53B,_N54B,_N58X,_Q00D,_Q01X,_Q11B,_Q21W,_Q22D,_R00S,_R05A,_R10B,_R40X,_S04F,_S06X,_S09B,_S10H,_S15P,_S20H,_S25X,_S28X,_S29X,_S32M,_S41R,_S45W,_S54B/_S54X/,_S60R,_S67B,_S69A,_S72X,_S73A,_S74A,_S80C,_T01D,_T02F,_T05A,_T11B,_U00K,_U03X,_U104,_U32C,_Z05A,_Z06X,_Z07X,_Z10C,_Z12A,_Z14X,_Z15X,_Z16G,_Z20X,_1306,_1351,_440B,_D00D,_D10A,_D15A,_E10F,_H00D,_H05D,_H15B,_H30H,_L00A,_M05P,_M18A,_M47W,_M63E,_M65S,_M67C,_M85A,_Q20D,_R06A,_S00S,_S02A,_S03R,_S07A,_S36F,_S44A,_T12C,_T13F,,
_A026,_1406,_300S,_400M,_A50B,_C00E,_E00E/_E00G/,_4351,_120T,_210D,_230A,_425C,_430V,_445A,_M001/_L001/,_710G,_A03C,_A209,_A35B,_A60X,_B00L,_C06C/_C06X/,_C08D,_C15X,_C30B,_F00A,_F05X,_F10P,_G00M,_G10X,_H10C,_H12X,_H13X,_J00B,_J10J,_J13X,_J14A,_J16E,_J17P/_J17X/,_K05A,_K12A,_K15J,_K20E,_K21H,_K304,_K31X,_K39X,_K40B,_K41X,_K42C,_K43X,_K44A,_K60W,_K80B/_K80F/,_K81E,_K82B/_K82F/,_K83B,_L05X,_L10C,_L13C,_L15C,_L20C,_M00D,_M08X,_M09A,_M10D,_M14X,_M15A,_M17A,_M29X,_M36X,_M38E,_M39G,_M40A,_M45W,_M48X,_M53D,_M55P,_M57C,_M59X,_M62N,_M66A,_M69A,_M71A,_M73A,_M76B,_M77D,_M78A,_M79A,_M80B,_M81A,_M86A,_M87A,_M90D,_M91C,_N008,_N05S,_N15A,_N17X,_N18B,_N19C,_N20A,_N21D,_N50J,_N51M,_N52A,_N53B,_N54B,_N58X,_Q00D,_Q01F,_Q11B,_Q21W,_Q22B,_R00S,_R05A,_R10B,_R40X,_S04F,_S06X,_S09B,_S10H,_S15P,_S20H,_S25X,_S28X,_S29X,_S32M,_S41R,_S45W,_S54B/_S54X/,_S60R,_S67B,_S69A,_S72X,_S73A,_S74A,_S80C,_T01D,_T02F,_T05A,_T11B,_U00K,_U03X,_U104,_U32C,_Z05A,_Z06X,_Z07X,_Z10C,_Z12A,_Z14X,_Z15X,_Z16G,_Z20X,_1306,_1351,_440B,_D00D,_D10A,_D15A,_E10F,_H00D,_H05D,_H15B,_H30H,_L00A,_M05P,_M18A,_M47W,_M63E,_M65S,_M67C,_M85A,_Q20D,_R06A,_S00S,_S02A,_S03R,_S07A,_S36F,_S44A,_T12C,_T13F,,
_A026,_1406,_300S,_400M,_A50B,_C00E,_E00E/_E00G/,_4351,_120T,_210D,_230A,_425C,_430V,_445A,_M001/_L001/,_710G,_A03C,_A209,_A35B,_A60X,_B00L,_C06C/_C06X/,_C08D,_C15X,_C30B,_F00A,_F05X,_F10P,_G00M,_G10X,_H10C,_H12X,_H13X,_J00B,_J10J,_J13X,_J14A,_J16E,_J17P/_J17X/,_K05A,_K12A,_K15J,_K20E,_K21H,_K304,_K31X,_K39X,_K40B,_K41X,_K42C,_K43X,_K44A,_K60W,_K80B/_K80F/,_K81E,_K82B/_K82F/,_K83B,_L05X,_L10C,_L13C,_L15C,_L20C,_M00D,_M08X,_M09A,_M10D,_M14X,_M15A,_M17A,_M29X,_M36X,_M38E,_M39G,_M40A,_M45W,_M48X,_M53D,_M55P,_M57C,_M59X,_M62N,_M66A,_M69A,_M71A,_M73A,_M76B,_M77D,_M78A,_M79A,_M80B,_M81A,_M86A,_M87A,_M90D,_M91C,_N008,_N05S,_N15A,_N17X,_N18B,_N19C,_N20A,_N21D,_N50J,_N51M,_N52A,_N53B,_N54B,_N58X,_Q00D,_Q01X,_Q11B,_Q21W,_Q22D,_R00S,_R05A,_R10B,_R40X,_S04F,_S06X,_S09B,_S10H,_S15P,_S20H,_S25X,_S28X,_S29X,_S32M,_S41R,_S45W,_S54B/_S54X/,_S60R,_S67B,_S69A,_S72X,_S73A,_S74A,_S80C,_T01D,_T02F,_T05A,_T11B,_U00K,_U03X,_U104,_U32C,_Z05A,_Z06X,_Z07X,_Z10C,_Z12A,_Z14X,_Z15X,_Z16G,_Z20X,_1306,_1351,_440B,_D00D,_D10A,_D15A,_E10F,_H00D,_H05D,_H15B,_H30H,_L00A,_M05P,_M18A,_M47W,_M63E,_M65S,_M67C,_M85A,_Q20D,_R06A,_S00S,_S02A,_S03R,_S07A,_S36F,_S44A,_T12C,_T13F,,
_A026,_1406,_300S,_400M,_A50B,_C00E,_E00E/_E00G/,_4351,_120T,_210D,_230A,_425C,_430V,_445A,_A001,_710G,_A03C,_A209,_A35B,_A60X,_B00L,_C06C/_C06X/,_C08D,_C15X,_C30B,_F00A,_F05C,_F10P,_G00M,_G10X,_H10F,_H12A,_H13A,_J00B,_J10J,_J13X,_J14A,_J16E,_J17P/_J17X/,_K05A,_K12A,_K15J,_K20E,_K21H,_K30U,_K31X,_K39X,_K40B,_K41X,_K42C,_K43X,_K44A,_K60W,_K80B/_K80F/,_K81E,_K82B/_K82F/,_K83B,_L05X,_L10C,_L13C,_L15C,_L20C,_M00D,_M08X,_M09A,_M10D,_M14X,_M15A,_M17A,_M29X,_M36X,_M38E,_M39G,_M40A,_M45W,_M48X,_M53D,_M55P,_M57C,_M59X,_M62N,_M66A,_M69A,_M71A,_M73A,_M76B,_M77D,_M78A,_M79A,_M80B,_M81A,_M86A,_M87A,_M90D,_M91C,_N008,_N05S,_N15A,_N17X,_N18B,_N19C,_N20A,_N21D,_N50J,_N51M,_N52A,_N53B,_N54B,_N58X,_Q00D,_Q01F,_Q11B,_Q21W,_Q22B,_R00S,_R05A,_R10B,_R40X,_S04F,_S06X,_S09B,_S10H,_S15P,_S20H,_S25X,_S28X,_S29X,_S32M,_S41R,_S45W,_S54B/_S54X/,_S60R,_S67B,_S69A,_S72X,_S73A,_S74A,_S80C,_T01D,_T02F,_T05A,_T11B,_U00K,_U03X,_U104,_U32C,_Z05A,_Z06X,_Z07X,_Z10C,_Z12A,_Z14X,_Z15X,_Z16G,_Z20X,_1306,_1351,_440B,_D00D,_D10A,_D15A,_E10F,_H00D,_H05D,_H15B,_H30H,_L00A,_M05P,_M18A,_M47W,_M63E,_M65S,_M67C,_M85A,_Q20D,_R06A,_S00S,_S02A,_S03R,_S07A,_S36F,_S44A,_T12C,_T13F,,
_A026,_1406,_300S,_400M,_A50B,_C00E,_E00E/_E00G/,_4351,_120T,_210D,_230A,_425C,_430V,_445A,_A001,_710G,_A03C,_A209,_A35B,_A60X,_B00L,_C06C/_C06X/,_C08D,_C15X,_C30B,_F00A,_F05C,_F10P,_G00M,_G10X,_H10F,_H12A,_H13A,_J00B,_J10J,_J13X,_J14A,_J16E,_J17P/_J17X/,_K05A,_K12A,_K15J,_K20E,_K21H,_K30U,_K31X,_K39X,_K40B,_K41X,_K42C,_K43X,_K44A,_K60W,_K80B/_K80F/,_K81E,_K82B/_K82F/,_K83B,_L05X,_L10C,_L13C,_L15C,_L20C,_M00D,_M08X,_M09A,_M10D,_M14X,_M15A,_M17A,_M29X,_M36X,_M38E,_M39G,_M40A,_M45W,_M48X,_M53D,_M55P,_M57C,_M59X,_M62N,_M66A,_M69A,_M71A,_M73A,_M76B,_M77D,_M78A,_M79A,_M80B,_M81A,_M86A,_M87A,_M90D,_M91C,_N008,_N05S,_N15A,_N17X,_N18B,_N19C,_N20A,_N21D,_N50J,_N51M,_N52A,_N53B,_N54B,_N58X,_Q00D,_Q01X,_Q11B,_Q21W,_Q22D,_R00S,_R05A,_R10B,_R40X,_S04F,_S06X,_S09B,_S10H,_S15P,_S20H,_S25X,_S28X,_S29X,_S32M,_S41R,_S45W,_S54B/_S54X/,_S60R,_S67B,_S69A,_S72X,_S73A,_S74A,_S80C,_T01D,_T02F,_T05A,_T11B,_U00K,_U03X,_U104,_U32C,_Z05A,_Z06X,_Z07X,_Z10C,_Z12A,_Z14X,_Z15X,_Z16G,_Z20X,_1306,_1351,_440B,_D00D,_D10A,_D15A,_E10F,_H00D,_H05D,_H15B,_H30H,_L00A,_M05P,_M18A,_M47W,_M63E,_M65S,_M67C,_M85A,_Q20D,_R06A,_S00S,_S02A,_S03R,_S07A,_S36F,_S44A,_T12C,_T13F,,
_A026,_1406,_300S,_400M,_A50B,_C00E,_E00E/_E00G/,_4351,_120T,_210D,_230A,_425C,_430V,_445A,_A001,_710G,_A03C,_A209,_A35B,_A60X,_B00L,_C06C/_C06X/,_C08D,_C15X,_C30B,_F00A,_F05X,_F10P,_G00M,_G10X,_H10C,_H12X,_H13X,_J00B,_J10J,_J13X,_J14A,_J16E,_J17P/_J17X/,_K05A,_K12A,_K15J,_K20E,_K21H,_K304,_K31X,_K39X,_K40B,_K41X,_K42C,_K43X,_K44A,_K60W,_K80B/_K80F/,_K81E,_K82B/_K82F/,_K83B,_L05X,_L10C,_L13C,_L15C,_L20C,_M00D,_M08X,_M09A,_M10D,_M14X,_M15A,_M17A,_M29X,_M36X,_M38E,_M39G,_M40A,_M45W,_M48X,_M53D,_M55P,_M57C,_M59X,_M62N,_M66A,_M69A,_M71A,_M73A,_M76B,_M77D,_M78A,_M79A,_M80B,_M81A,_M86A,_M87A,_M90D,_M91C,_N008,_N05S,_N15A,_N17X,_N18B,_N19C,_N20A,_N21D,_N50J,_N51M,_N52A,_N53B,_N54B,_N58X,_Q00D,_Q01F,_Q11B,_Q21W,_Q22B,_R00S,_R05A,_R10B,_R40X,_S04F,_S06X,_S09B,_S10H,_S15P,_S20H,_S25X,_S28X,_S29X,_S32M,_S41R,_S45W,_S54B/_S54X/,_S60R,_S67B,_S69A,_S72X,_S73A,_S74A,_S80C,_T01D,_T02F,_T05A,_T11B,_U00K,_U03X,_U104,_U32C,_Z05A,_Z06X,_Z07X,_Z10C,_Z12A,_Z14X,_Z15X,_Z16G,_Z20X,_1306,_1351,_440B,_D00D,_D10A,_D15A,_E10F,_H00D,_H05D,_H15B,_H30H,_L00A,_M05P,_M18A,_M47W,_M63E,_M65S,_M67C,_M85A,_Q20D,_R06A,_S00S,_S02A,_S03R,_S07A,_S36F,_S44A,_T12C,_T13F,,
_A026,_1406,_300S,_400M,_A50B,_C00E,_E00E/_E00G/,_4351,_120T,_210D,_230A,_425C,_430V,_445A,_A001,_710G,_A03C,_A209,_A35B,_A60X,_B00L,_C06C/_C06X/,_C08D,_C15X,_C30B,_F00A,_F05X,_F10P,_G00M,_G10X,_H10C,_H12X,_H13X,_J00B,_J10J,_J13X,_J14A,_J16E,_J17P/_J17X/,_K05A,_K12A,_K15J,_K20E,_K21H,_K304,_K31X,_K39X,_K40B,_K41X,_K42C,_K43X,_K44A,_K60W,_K80B/_K80F/,_K81E,_K82B/_K82F/,_K83B,_L05X,_L10C,_L13C,_L15C,_L20C,_M00D,_M08X,_M09A,_M10D,_M14X,_M15A,_M17A,_M29X,_M36X,_M38E,_M39G,_M40A,_M45W,_M48X,_M53D,_M55P,_M57C,_M59X,_M62N,_M66A,_M69A,_M71A,_M73A,_M76B,_M77D,_M78A,_M79A,_M80B,_M81A,_M86A,_M87A,_M90D,_M91C,_N008,_N05S,_N15A,_N17X,_N18B,_N19C,_N20A,_N21D,_N50J,_N51M,_N52A,_N53B,_N54B,_N58X,_Q00D,_Q01X,_Q11B,_Q21W,_Q22D,_R00S,_R05A,_R10B,_R40X,_S04F,_S06X,_S09B,_S10H,_S15P,_S20H,_S25X,_S28X,_S29X,_S32M,_S41R,_S45W,_S54B/_S54X/,_S60R,_S67B,_S69A,_S72X,_S73A,_S74A,_S80C,_T01D,_T02F,_T05A,_T11B,_U00K,_U03X,_U104,_U32C,_Z05A,_Z06X,_Z07X,_Z10C,_Z12A,_Z14X,_Z15X,_Z16G,_Z20X,_1306,_1351,_440B,_D00D,_D10A,_D15A,_E10F,_H00D,_H05D,_H15B,_H30H,_L00A,_M05P,_M18A,_M47W,_M63E,_M65S,_M67C,_M85A,_Q20D,_R06A,_S00S,_S02A,_S03R,_S07A,_S36F,_S44A,_T12C,_T13F,,
_A026,_1406,_300S,_400M,_A50B,_C00E,_E00E/_E00G/,_4351,_120T,_210D,_230A,_425C,_430V,_445A,_H001,_710G,_A03C,_A209,_A35B,_A60X,_B00L,_C06C/_C06X/,_C08D,_C15X,_C30B,_F00A,_F05C,_F10P,_G00M,_G10X,_H10F,_H12A,_H13A,_J00B,_J10J,_J13X,_J14A,_J16E,_J17P/_J17X/,_K05A,_K12A,_K15J,_K20E,_K21H,_K30U,_K31X,_K39X,_K40B,_K41X,_K42C,_K43X,_K44A,_K60W,_K80B/_K80F/,_K81E,_K82B/_K82F/,_K83B,_L05X,_L10C,_L13C,_L15C,_L20C,_M00D,_M08X,_M09A,_M10D,_M14X,_M15A,_M17A,_M29X,_M36X,_M38E,_M39G,_M40A,_M45W,_M48X,_M53D,_M55P,_M57C,_M59X,_M62N,_M66A,_M69A,_M71A,_M73A,_M76B,_M77D,_M78A,_M79A,_M80B,_M81A,_M86A,_M87A,_M90D,_M91C,_N008,_N05S,_N15A,_N17X,_N18B,_N19C,_N20A,_N21D,_N50J,_N51M,_N52A,_N53B,_N54B,_N58X,_Q00D,_Q01F,_Q11B,_Q21W,_Q22B,_R00S,_R05A,_R10B,_R40X,_S04F,_S06X,_S09B,_S10H,_S15P,_S20H,_S25X,_S28X,_S29X,_S32M,_S41R,_S45W,_S54B/_S54X/,_S60R,_S67B,_S69A,_S72X,_S73A,_S74A,_S80C,_T01D,_T02F,_T05A,_T11B,_U00K,_U03X,_U104,_U32C,_Z05A,_Z06X,_Z07X,_Z10C,_Z12A,_Z14X,_Z15X,_Z16G,_Z20X,_1306,_1351,_440B,_D00D,_D10A,_D15A,_E10F,_H00D,_H05D,_H15B,_H30H,_L00A,_M05P,_M18A,_M47W,_M63E,_M65S,_M67C,_M85A,_Q20D,_R06A,_S00S,_S02A,_S03R,_S07A,_S36F,_S44A,_T12C,_T13F,,
_A026,_1406,_300S,_400M,_A50B,_C00E,_E00E/_E00G/,_4351,_120T,_210D,_230A,_425C,_430V,_445A,_H001,_710G,_A03C,_A209,_A35B,_A60X,_B00L,_C06C/_C06X/,_C08D,_C15X,_C30B,_F00A,_F05C,_F10P,_G00M,_G10X,_H10F,_H12A,_H13A,_J00B,_J10J,_J13X,_J14A,_J16E,_J17P/_J17X/,_K05A,_K12A,_K15J,_K20E,_K21H,_K30U,_K31X,_K39X,_K40B,_K41X,_K42C,_K43X,_K44A,_K60W,_K80B/_K80F/,_K81E,_K82B/_K82F/,_K83B,_L05X,_L10C,_L13C,_L15C,_L20C,_M00D,_M08X,_M09A,_M10D,_M14X,_M15A,_M17A,_M29X,_M36X,_M38E,_M39G,_M40A,_M45W,_M48X,_M53D,_M55P,_M57C,_M59X,_M62N,_M66A,_M69A,_M71A,_M73A,_M76B,_M77D,_M78A,_M79A,_M80B,_M81A,_M86A,_M87A,_M90D,_M91C,_N008,_N05S,_N15A,_N17X,_N18B,_N19C,_N20A,_N21D,_N50J,_N51M,_N52A,_N53B,_N54B,_N58X,_Q00D,_Q01X,_Q11B,_Q21W,_Q22D,_R00S,_R05A,_R10B,_R40X,_S04F,_S06X,_S09B,_S10H,_S15P,_S20H,_S25X,_S28X,_S29X,_S32M,_S41R,_S45W,_S54B/_S54X/,_S60R,_S67B,_S69A,_S72X,_S73A,_S74A,_S80C,_T01D,_T02F,_T05A,_T11B,_U00K,_U03X,_U104,_U32C,_Z05A,_Z06X,_Z07X,_Z10C,_Z12A,_Z14X,_Z15X,_Z16G,_Z20X,_1306,_1351,_440B,_D00D,_D10A,_D15A,_E10F,_H00D,_H05D,_H15B,_H30H,_L00A,_M05P,_M18A,_M47W,_M63E,_M65S,_M67C,_M85A,_Q20D,_R06A,_S00S,_S02A,_S03R,_S07A,_S36F,_S44A,_T12C,_T13F,,
_A026,_1406,_300S,_400M,_A50B,_C00E,_E00E/_E00G/,_4351,_120T,_210D,_230A,_425C,_430V,_445A,_H001,_710G,_A03C,_A209,_A35B,_A60X,_B00L,_C06C/_C06X/,_C08D,_C15X,_C30B,_F00A,_F05X,_F10P,_G00M,_G10X,_H10C,_H12X,_H13X,_J00B,_J10J,_J13X,_J14A,_J16E,_J17P/_J17X/,_K05A,_K12A,_K15J,_K20E,_K21H,_K304,_K31X,_K39X,_K40B,_K41X,_K42C,_K43X,_K44A,_K60W,_K80B/_K80F/,_K81E,_K82B/_K82F/,_K83B,_L05X,_L10C,_L13C,_L15C,_L20C,_M00D,_M08X,_M09A,_M10D,_M14X,_M15A,_M17A,_M29X,_M36X,_M38E,_M39G,_M40A,_M45W,_M48X,_M53D,_M55P,_M57C,_M59X,_M62N,_M66A,_M69A,_M71A,_M73A,_M76B,_M77D,_M78A,_M79A,_M80B,_M81A,_M86A,_M87A,_M90D,_M91C,_N008,_N05S,_N15A,_N17X,_N18B,_N19C,_N20A,_N21D,_N50J,_N51M,_N52A,_N53B,_N54B,_N58X,_Q00D,_Q01F,_Q11B,_Q21W,_Q22B,_R00S,_R05A,_R10B,_R40X,_S04F,_S06X,_S09B,_S10H,_S15P,_S20H,_S25X,_S28X,_S29X,_S32M,_S41R,_S45W,_S54B/_S54X/,_S60R,_S67B,_S69A,_S72X,_S73A,_S74A,_S80C,_T01D,_T02F,_T05A,_T11B,_U00K,_U03X,_U104,_U32C,_Z05A,_Z06X,_Z07X,_Z10C,_Z12A,_Z14X,_Z15X,_Z16G,_Z20X,_1306,_1351,_440B,_D00D,_D10A,_D15A,_E10F,_H00D,_H05D,_H15B,_H30H,_L00A,_M05P,_M18A,_M47W,_M63E,_M65S,_M67C,_M85A,_Q20D,_R06A,_S00S,_S02A,_S03R,_S07A,_S36F,_S44A,_T12C,_T13F,,
_A026,_1406,_300S,_400M,_A50B,_C00E,_E00E/_E00G/,_4351,_120T,_210D,_230A,_425C,_430V,_445A,_H001,_710G,_A03C,_A209,_A35B,_A60X,_B00L,_C06C/_C06X/,_C08D,_C15X,_C30B,_F00A,_F05X,_F10P,_G00M,_G10X,_H10C,_H12X,_H13X,_J00B,_J10J,_J13X,_J14A,_J16E,_J17P/_J17X/,_K05A,_K12A,_K15J,_K20E,_K21H,_K304,_K31X,_K39X,_K40B,_K41X,_K42C,_K43X,_K44A,_K60W,_K80B/_K80F/,_K81E,_K82B/_K82F/,_K83B,_L05X,_L10C,_L13C,_L15C,_L20C,_M00D,_M08X,_M09A,_M10D,_M14X,_M15A,_M17A,_M29X,_M36X,_M38E,_M39G,_M40A,_M45W,_M48X,_M53D,_M55P,_M57C,_M59X,_M62N,_M66A,_M69A,_M71A,_M73A,_M76B,_M77D,_M78A,_M79A,_M80B,_M81A,_M86A,_M87A,_M90D,_M91C,_N008,_N05S,_N15A,_N17X,_N18B,_N19C,_N20A,_N21D,_N50J,_N51M,_N52A,_N53B,_N54B,_N58X,_Q00D,_Q01X,_Q11B,_Q21W,_Q22D,_R00S,_R05A,_R10B,_R40X,_S04F,_S06X,_S09B,_S10H,_S15P,_S20H,_S25X,_S28X,_S29X,_S32M,_S41R,_S45W,_S54B/_S54X/,_S60R,_S67B,_S69A,_S72X,_S73A,_S74A,_S80C,_T01D,_T02F,_T05A,_T11B,_U00K,_U03X,_U104,_U32C,_Z05A,_Z06X,_Z07X,_Z10C,_Z12A,_Z14X,_Z15X,_Z16G,_Z20X,_1306,_1351,_440B,_D00D,_D10A,_D15A,_E10F,_H00D,_H05D,_H15B,_H30H,_L00A,_M05P,_M18A,_M47W,_M63E,_M65S,_M67C,_M85A,_Q20D,_R06A,_S00S,_S02A,_S03R,_S07A,_S36F,_S44A,_T12C,_T13F,,
_A026,_1406,_300S,_400M,_A50B,_C00F,_E00C,_4351,_120T,_210D,_230A,_425C,_430V,_445A,_M001/_L001/,_710G,_A03C,_A209,_A35B,_A60X,_B00L,_C06C/_C06X/,_C08C,_C15X,_C30B,_F00A,_F05C,_F10P,_G00M,_G10X,_H10F,_H12A,_H13A,_J00B,_J10J,_J13X,_J14A,_J16E,_J17P/_J17X/,_K05A,_K12A,_K15J,_K20E,_K21H,_K301,_K31X,_K39X,_K40B,_K41X,_K42C,_K43X,_K44A,_K60W,_K80B/_K80F/,_K81E,_K82B/_K82F/,_K83B,_L05X,_L10C,_L13C,_L15C,_L20C,_M00D,_M08X,_M09A,_M10D,_M14X,_M15A,_M17A,_M29X,_M36X,_M38E,_M39G,_M40A,_M45W,_M48X,_M53D,_M55P,_M57C,_M59X,_M62N,_M66A,_M69A,_M71A,_M73A,_M76B,_M77C,_M78A,_M79A,_M80B,_M81A,_M86A,_M87A,_M90D,_M91C,_N008,_N05S,_N15A,_N17X,_N18B,_N19C,_N20A,_N21D,_N50J,_N51M,_N52A,_N53B,_N54B,_N58X,_Q00D,_Q01F,_Q11B,_Q21W,_Q22B,_R00S,_R05A,_R10B,_R40X,_S04F,_S06X,_S09B,_S10H,_S15P,_S20H,_S25X,_S28X,_S29X,_S32M,_S41R,_S45W,_S54B/_S54X/,_S60R,_S67B,_S69A,_S72X,_S73A,_S74A,_S80C,_T01D,_T02F,_T05A,_T11B,_U00K,_U03X,_U104,_U32C,_Z05A,_Z06X,_Z07X,_Z10C,_Z12A,_Z14X,_Z15X,_Z16G,_Z20X,_1306,_1351,_440B,_D00D,_D10A,_D15A,_E10F,_H00D,_H05D,_H15B,_H30H,_L00A,_M05P,_M18A,_M47W,_M63E,_M65S,_M67C,_M85A,_Q20D,_R06A,_S00S,_S02A,_S03R,_S07A,_S36F,_S44A,_T12C,_T13F,,
_A026,_1406,_300S,_400M,_A50B,_C00F,_E00C,_4351,_120T,_210D,_230A,_425C,_430V,_445A,_M001/_L001/,_710G,_A03C,_A209,_A35B,_A60X,_B00L,_C06C/_C06X/,_C08C,_C15X,_C30B,_F00A,_F05C,_F10P,_G00M,_G10X,_H10F,_H12A,_H13A,_J00B,_J10J,_J13X,_J14A,_J16E,_J17P/_J17X/,_K05A,_K12A,_K15J,_K20E,_K21H,_K301,_K31X,_K39X,_K40B,_K41X,_K42C,_K43X,_K44A,_K60W,_K80B/_K80F/,_K81E,_K82B/_K82F/,_K83B,_L05X,_L10C,_L13C,_L15C,_L20C,_M00D,_M08X,_M09A,_M10D,_M14X,_M15A,_M17A,_M29X,_M36X,_M38E,_M39G,_M40A,_M45W,_M48X,_M53D,_M55P,_M57C,_M59X,_M62N,_M66A,_M69A,_M71A,_M73A,_M76B,_M77C,_M78A,_M79A,_M80B,_M81A,_M86A,_M87A,_M90D,_M91C,_N008,_N05S,_N15A,_N17X,_N18B,_N19C,_N20A,_N21D,_N50J,_N51M,_N52A,_N53B,_N54B,_N58X,_Q00D,_Q01X,_Q11B,_Q21W,_Q22D,_R00S,_R05A,_R10B,_R40X,_S04F,_S06X,_S09B,_S10H,_S15P,_S20H,_S25X,_S28X,_S29X,_S32M,_S41R,_S45W,_S54B/_S54X/,_S60R,_S67B,_S69A,_S72X,_S73A,_S74A,_S80C,_T01D,_T02F,_T05A,_T11B,_U00K,_U03X,_U104,_U32C,_Z05A,_Z06X,_Z07X,_Z10C,_Z12A,_Z14X,_Z15X,_Z16G,_Z20X,_1306,_1351,_440B,_D00D,_D10A,_D15A,_E10F,_H00D,_H05D,_H15B,_H30H,_L00A,_M05P,_M18A,_M47W,_M63E,_M65S,_M67C,_M85A,_Q20D,_R06A,_S00S,_S02A,_S03R,_S07A,_S36F,_S44A,_T12C,_T13F,,
_A026,_1406,_300S,_400M,_A50B,_C00F,_E00C,_4351,_120T,_210D,_230A,_425C,_430V,_445A,_A001,_710G,_A03C,_A209,_A35B,_A60X,_B00L,_C06C/_C06X/,_C08C,_C15X,_C30B,_F00A,_F05C,_F10P,_G00M,_G10X,_H10F,_H12A,_H13A,_J00B,_J10J,_J13X,_J14A,_J16E,_J17P/_J17X/,_K05A,_K12A,_K15J,_K20E,_K21H,_K301,_K31X,_K39X,_K40B,_K41X,_K42C,_K43X,_K44A,_K60W,_K80B/_K80F/,_K81E,_K82B/_K82F/,_K83B,_L05X,_L10C,_L13C,_L15C,_L20C,_M00D,_M08X,_M09A,_M10D,_M14X,_M15A,_M17A,_M29X,_M36X,_M38E,_M39G,_M40A,_M45W,_M48X,_M53D,_M55P,_M57C,_M59X,_M62N,_M66A,_M69A,_M71A,_M73A,_M76B,_M77C,_M78A,_M79A,_M80B,_M81A,_M86A,_M87A,_M90D,_M91C,_N008,_N05S,_N15A,_N17X,_N18B,_N19C,_N20A,_N21D,_N50J,_N51M,_N52A,_N53B,_N54B,_N58X,_Q00D,_Q01F,_Q11B,_Q21W,_Q22B,_R00S,_R05A,_R10B,_R40X,_S04F,_S06X,_S09B,_S10H,_S15P,_S20H,_S25X,_S28X,_S29X,_S32M,_S41R,_S45W,_S54B/_S54X/,_S60R,_S67B,_S69A,_S72X,_S73A,_S74A,_S80C,_T01D,_T02F,_T05A,_T11B,_U00K,_U03X,_U104,_U32C,_Z05A,_Z06X,_Z07X,_Z10C,_Z12A,_Z14X,_Z15X,_Z16G,_Z20X,_1306,_1351,_440B,_D00D,_D10A,_D15A,_E10F,_H00D,_H05D,_H15B,_H30H,_L00A,_M05P,_M18A,_M47W,_M63E,_M65S,_M67C,_M85A,_Q20D,_R06A,_S00S,_S02A,_S03R,_S07A,_S36F,_S44A,_T12C,_T13F,,
_A026,_1406,_300S,_400M,_A50B,_C00F,_E00C,_4351,_120T,_210D,_230A,_425C,_430V,_445A,_A001,_710G,_A03C,_A209,_A35B,_A60X,_B00L,_C06C/_C06X/,_C08C,_C15X,_C30B,_F00A,_F05C,_F10P,_G00M,_G10X,_H10F,_H12A,_H13A,_J00B,_J10J,_J13X,_J14A,_J16E,_J17P/_J17X/,_K05A,_K12A,_K15J,_K20E,_K21H,_K301,_K31X,_K39X,_K40B,_K41X,_K42C,_K43X,_K44A,_K60W,_K80B/_K80F/,_K81E,_K82B/_K82F/,_K83B,_L05X,_L10C,_L13C,_L15C,_L20C,_M00D,_M08X,_M09A,_M10D,_M14X,_M15A,_M17A,_M29X,_M36X,_M38E,_M39G,_M40A,_M45W,_M48X,_M53D,_M55P,_M57C,_M59X,_M62N,_M66A,_M69A,_M71A,_M73A,_M76B,_M77C,_M78A,_M79A,_M80B,_M81A,_M86A,_M87A,_M90D,_M91C,_N008,_N05S,_N15A,_N17X,_N18B,_N19C,_N20A,_N21D,_N50J,_N51M,_N52A,_N53B,_N54B,_N58X,_Q00D,_Q01X,_Q11B,_Q21W,_Q22D,_R00S,_R05A,_R10B,_R40X,_S04F,_S06X,_S09B,_S10H,_S15P,_S20H,_S25X,_S28X,_S29X,_S32M,_S41R,_S45W,_S54B/_S54X/,_S60R,_S67B,_S69A,_S72X,_S73A,_S74A,_S80C,_T01D,_T02F,_T05A,_T11B,_U00K,_U03X,_U104,_U32C,_Z05A,_Z06X,_Z07X,_Z10C,_Z12A,_Z14X,_Z15X,_Z16G,_Z20X,_1306,_1351,_440B,_D00D,_D10A,_D15A,_E10F,_H00D,_H05D,_H15B,_H30H,_L00A,_M05P,_M18A,_M47W,_M63E,_M65S,_M67C,_M85A,_Q20D,_R06A,_S00S,_S02A,_S03R,_S07A,_S36F,_S44A,_T12C,_T13F,,
_A026,_1406,_300S,_400M,_A50B,_C00F,_E00C,_4351,_120T,_210D,_230A,_425C,_430V,_445A,_H001,_710G,_A03C,_A209,_A35B,_A60X,_B00L,_C06C/_C06X/,_C08C,_C15X,_C30B,_F00A,_F05C,_F10P,_G00M,_G10X,_H10F,_H12A,_H13A,_J00B,_J10J,_J13X,_J14A,_J16E,_J17P/_J17X/,_K05A,_K12A,_K15J,_K20E,_K21H,_K301,_K31X,_K39X,_K40B,_K41X,_K42C,_K43X,_K44A,_K60W,_K80B/_K80F/,_K81E,_K82B/_K82F/,_K83B,_L05X,_L10C,_L13C,_L15C,_L20C,_M00D,_M08X,_M09A,_M10D,_M14X,_M15A,_M17A,_M29X,_M36X,_M38E,_M39G,_M40A,_M45W,_M48X,_M53D,_M55P,_M57C,_M59X,_M62N,_M66A,_M69A,_M71A,_M73A,_M76B,_M77C,_M78A,_M79A,_M80B,_M81A,_M86A,_M87A,_M90D,_M91C,_N008,_N05S,_N15A,_N17X,_N18B,_N19C,_N20A,_N21D,_N50J,_N51M,_N52A,_N53B,_N54B,_N58X,_Q00D,_Q01F,_Q11B,_Q21W,_Q22B,_R00S,_R05A,_R10B,_R40X,_S04F,_S06X,_S09B,_S10H,_S15P,_S20H,_S25X,_S28X,_S29X,_S32M,_S41R,_S45W,_S54B/_S54X/,_S60R,_S67B,_S69A,_S72X,_S73A,_S74A,_S80C,_T01D,_T02F,_T05A,_T11B,_U00K,_U03X,_U104,_U32C,_Z05A,_Z06X,_Z07X,_Z10C,_Z12A,_Z14X,_Z15X,_Z16G,_Z20X,_1306,_1351,_440B,_D00D,_D10A,_D15A,_E10F,_H00D,_H05D,_H15B,_H30H,_L00A,_M05P,_M18A,_M47W,_M63E,_M65S,_M67C,_M85A,_Q20D,_R06A,_S00S,_S02A,_S03R,_S07A,_S36F,_S44A,_T12C,_T13F,,
_A026,_1406,_300S,_400M,_A50B,_C00F,_E00C,_4351,_120T,_210D,_230A,_425C,_430V,_445A,_H001,_710G,_A03C,_A209,_A35B,_A60X,_B00L,_C06C/_C06X/,_C08C,_C15X,_C30B,_F00A,_F05C,_F10P,_G00M,_G10X,_H10F,_H12A,_H13A,_J00B,_J10J,_J13X,_J14A,_J16E,_J17P/_J17X/,_K05A,_K12A,_K15J,_K20E,_K21H,_K301,_K31X,_K39X,_K40B,_K41X,_K42C,_K43X,_K44A,_K60W,_K80B/_K80F/,_K81E,_K82B/_K82F/,_K83B,_L05X,_L10C,_L13C,_L15C,_L20C,_M00D,_M08X,_M09A,_M10D,_M14X,_M15A,_M17A,_M29X,_M36X,_M38E,_M39G,_M40A,_M45W,_M48X,_M53D,_M55P,_M57C,_M59X,_M62N,_M66A,_M69A,_M71A,_M73A,_M76B,_M77C,_M78A,_M79A,_M80B,_M81A,_M86A,_M87A,_M90D,_M91C,_N008,_N05S,_N15A,_N17X,_N18B,_N19C,_N20A,_N21D,_N50J,_N51M,_N52A,_N53B,_N54B,_N58X,_Q00D,_Q01X,_Q11B,_Q21W,_Q22D,_R00S,_R05A,_R10B,_R40X,_S04F,_S06X,_S09B,_S10H,_S15P,_S20H,_S25X,_S28X,_S29X,_S32M,_S41R,_S45W,_S54B/_S54X/,_S60R,_S67B,_S69A,_S72X,_S73A,_S74A,_S80C,_T01D,_T02F,_T05A,_T11B,_U00K,_U03X,_U104,_U32C,_Z05A,_Z06X,_Z07X,_Z10C,_Z12A,_Z14X,_Z15X,_Z16G,_Z20X,_1306,_1351,_440B,_D00D,_D10A,_D15A,_E10F,_H00D,_H05D,_H15B,_H30H,_L00A,_M05P,_M18A,_M47W,_M63E,_M65S,_M67C,_M85A,_Q20D,_R06A,_S00S,_S02A,_S03R,_S07A,_S36F,_S44A,_T12C,_T13F,,
_A026,_1406,_300S,_400M,_A50B,_C00F,_E00E/_E00G/,_4351,_120T,_210D,_230A,_425C,_430V,_445A,_M001/_L001/,_710G,_A03C,_A209,_A35B,_A60X,_B00L,_C06C/_C06X/,_C08C,_C15X,_C30B,_F00A,_F05C,_F10P,_G00M,_G10X,_H10F,_H12A,_H13A,_J00B,_J10J,_J13X,_J14A,_J16E,_J17P/_J17X/,_K05A,_K12A,_K15J,_K20E,_K21H,_K30U,_K31X,_K39X,_K40B,_K41X,_K42C,_K43X,_K44A,_K60W,_K80B/_K80F/,_K81E,_K82B/_K82F/,_K83B,_L05X,_L10C,_L13C,_L15C,_L20C,_M00D,_M08X,_M09A,_M10D,_M14X,_M15A,_M17A,_M29X,_M36X,_M38E,_M39G,_M40A,_M45W,_M48X,_M53D,_M55P,_M57C,_M59X,_M62N,_M66A,_M69A,_M71A,_M73A,_M76B,_M77D,_M78A,_M79A,_M80B,_M81A,_M86A,_M87A,_M90D,_M91C,_N008,_N05S,_N15A,_N17X,_N18B,_N19C,_N20A,_N21D,_N50J,_N51M,_N52A,_N53B,_N54B,_N58X,_Q00D,_Q01F,_Q11B,_Q21W,_Q22B,_R00S,_R05A,_R10B,_R40X,_S04F,_S06X,_S09B,_S10H,_S15P,_S20H,_S25X,_S28X,_S29X,_S32M,_S41R,_S45W,_S54B/_S54X/,_S60R,_S67B,_S69A,_S72X,_S73A,_S74A,_S80C,_T01D,_T02F,_T05A,_T11B,_U00K,_U03X,_U104,_U32C,_Z05A,_Z06X,_Z07X,_Z10C,_Z12A,_Z14X,_Z15X,_Z16G,_Z20X,_1306,_1351,_440B,_D00D,_D10A,_D15A,_E10F,_H00D,_H05D,_H15B,_H30H,_L00A,_M05P,_M18A,_M47W,_M63E,_M65S,_M67C,_M85A,_Q20D,_R06A,_S00S,_S02A,_S03R,_S07A,_S36F,_S44A,_T12C,_T13F,,
_A026,_1406,_300S,_400M,_A50B,_C00F,_E00E/_E00G/,_4351,_120T,_210D,_230A,_425C,_430V,_445A,_M001/_L001/,_710G,_A03C,_A209,_A35B,_A60X,_B00L,_C06C/_C06X/,_C08C,_C15X,_C30B,_F00A,_F05C,_F10P,_G00M,_G10X,_H10F,_H12A,_H13A,_J00B,_J10J,_J13X,_J14A,_J16E,_J17P/_J17X/,_K05A,_K12A,_K15J,_K20E,_K21H,_K30U,_K31X,_K39X,_K40B,_K41X,_K42C,_K43X,_K44A,_K60W,_K80B/_K80F/,_K81E,_K82B/_K82F/,_K83B,_L05X,_L10C,_L13C,_L15C,_L20C,_M00D,_M08X,_M09A,_M10D,_M14X,_M15A,_M17A,_M29X,_M36X,_M38E,_M39G,_M40A,_M45W,_M48X,_M53D,_M55P,_M57C,_M59X,_M62N,_M66A,_M69A,_M71A,_M73A,_M76B,_M77D,_M78A,_M79A,_M80B,_M81A,_M86A,_M87A,_M90D,_M91C,_N008,_N05S,_N15A,_N17X,_N18B,_N19C,_N20A,_N21D,_N50J,_N51M,_N52A,_N53B,_N54B,_N58X,_Q00D,_Q01X,_Q11B,_Q21W,_Q22D,_R00S,_R05A,_R10B,_R40X,_S04F,_S06X,_S09B,_S10H,_S15P,_S20H,_S25X,_S28X,_S29X,_S32M,_S41R,_S45W,_S54B/_S54X/,_S60R,_S67B,_S69A,_S72X,_S73A,_S74A,_S80C,_T01D,_T02F,_T05A,_T11B,_U00K,_U03X,_U104,_U32C,_Z05A,_Z06X,_Z07X,_Z10C,_Z12A,_Z14X,_Z15X,_Z16G,_Z20X,_1306,_1351,_440B,_D00D,_D10A,_D15A,_E10F,_H00D,_H05D,_H15B,_H30H,_L00A,_M05P,_M18A,_M47W,_M63E,_M65S,_M67C,_M85A,_Q20D,_R06A,_S00S,_S02A,_S03R,_S07A,_S36F,_S44A,_T12C,_T13F,,
_A026,_1406,_300S,_400M,_A50B,_C00F,_E00E/_E00G/,_4351,_120T,_210D,_230A,_425C,_430V,_445A,_M001/_L001/,_710G,_A03C,_A209,_A35B,_A60X,_B00L,_C06C/_C06X/,_C08C,_C15X,_C30B,_F00A,_F05X,_F10P,_G00M,_G10X,_H10C,_H12X,_H13X,_J00B,_J10J,_J13X,_J14A,_J16E,_J17P/_J17X/,_K05A,_K12A,_K15J,_K20E,_K21H,_K304,_K31X,_K39X,_K40B,_K41X,_K42C,_K43X,_K44A,_K60W,_K80B/_K80F/,_K81E,_K82B/_K82F/,_K83B,_L05X,_L10C,_L13C,_L15C,_L20C,_M00D,_M08X,_M09A,_M10D,_M14X,_M15A,_M17A,_M29X,_M36X,_M38E,_M39G,_M40A,_M45W,_M48X,_M53D,_M55P,_M57C,_M59X,_M62N,_M66A,_M69A,_M71A,_M73A,_M76B,_M77D,_M78A,_M79A,_M80B,_M81A,_M86A,_M87A,_M90D,_M91C,_N008,_N05S,_N15A,_N17X,_N18B,_N19C,_N20A,_N21D,_N50J,_N51M,_N52A,_N53B,_N54B,_N58X,_Q00D,_Q01F,_Q11B,_Q21W,_Q22B,_R00S,_R05A,_R10B,_R40X,_S04F,_S06X,_S09B,_S10H,_S15P,_S20H,_S25X,_S28X,_S29X,_S32M,_S41R,_S45W,_S54B/_S54X/,_S60R,_S67B,_S69A,_S72X,_S73A,_S74A,_S80X,_T01D,_T02F,_T05A,_T11B,_U00K,_U03X,_U104,_U32C,_Z05A,_Z06X,_Z07X,_Z10C,_Z12A,_Z14X,_Z15X,_Z16G,_Z20X,_1306,_1351,_440B,_D00D,_D10A,_D15A,_E10F,_H00D,_H05D,_H15B,_H30H,_L00A,_M05P,_M18A,_M47W,_M63E,_M65S,_M67C,_M85A,_Q20D,_R06A,_S00S,_S02A,_S03R,_S07A,_S36F,_S44A,_T12C,_T13F,,
_A026,_1406,_300S,_400M,_A50B,_C00F,_E00E/_E00G/,_4351,_120T,_210D,_230A,_425C,_430V,_445A,_M001/_L001/,_710G,_A03C,_A209,_A35B,_A60X,_B00L,_C06C/_C06X/,_C08C,_C15X,_C30B,_F00A,_F05X,_F10P,_G00M,_G10X,_H10C,_H12X,_H13X,_J00B,_J10J,_J13X,_J14A,_J16E,_J17P/_J17X/,_K05A,_K12A,_K15J,_K20E,_K21H,_K304,_K31X,_K39X,_K40B,_K41X,_K42C,_K43X,_K44A,_K60W,_K80B/_K80F/,_K81E,_K82B/_K82F/,_K83B,_L05X,_L10C,_L13C,_L15C,_L20C,_M00D,_M08X,_M09A,_M10D,_M14X,_M15A,_M17A,_M29X,_M36X,_M38E,_M39G,_M40A,_M45W,_M48X,_M53D,_M55P,_M57C,_M59X,_M62N,_M66A,_M69A,_M71A,_M73A,_M76B,_M77D,_M78A,_M79A,_M80B,_M81A,_M86A,_M87A,_M90D,_M91C,_N008,_N05S,_N15A,_N17X,_N18B,_N19C,_N20A,_N21D,_N50J,_N51M,_N52A,_N53B,_N54B,_N58X,_Q00D,_Q01X,_Q11B,_Q21W,_Q22D,_R00S,_R05A,_R10B,_R40X,_S04F,_S06X,_S09B,_S10H,_S15P,_S20H,_S25X,_S28X,_S29X,_S32M,_S41R,_S45W,_S54B/_S54X/,_S60R,_S67B,_S69A,_S72X,_S73A,_S74A,_S80X,_T01D,_T02F,_T05A,_T11B,_U00K,_U03X,_U104,_U32C,_Z05A,_Z06X,_Z07X,_Z10C,_Z12A,_Z14X,_Z15X,_Z16G,_Z20X,_1306,_1351,_440B,_D00D,_D10A,_D15A,_E10F,_H00D,_H05D,_H15B,_H30H,_L00A,_M05P,_M18A,_M47W,_M63E,_M65S,_M67C,_M85A,_Q20D,_R06A,_S00S,_S02A,_S03R,_S07A,_S36F,_S44A,_T12C,_T13F,,
_A026,_1406,_300S,_400M,_A50B,_C00F,_E00E/_E00G/,_4351,_120T,_210D,_230A,_425C,_430V,_445A,_A001,_710G,_A03C,_A209,_A35B,_A60X,_B00L,_C06C/_C06X/,_C08C,_C15X,_C30B,_F00A,_F05C,_F10P,_G00M,_G10X,_H10F,_H12A,_H13A,_J00B,_J10J,_J13X,_J14A,_J16E,_J17P/_J17X/,_K05A,_K12A,_K15J,_K20E,_K21H,_K30U,_K31X,_K39X,_K40B,_K41X,_K42C,_K43X,_K44A,_K60W,_K80B/_K80F/,_K81E,_K82B/_K82F/,_K83B,_L05X,_L10C,_L13C,_L15C,_L20C,_M00D,_M08X,_M09A,_M10D,_M14X,_M15A,_M17A,_M29X,_M36X,_M38E,_M39G,_M40A,_M45W,_M48X,_M53D,_M55P,_M57C,_M59X,_M62N,_M66A,_M69A,_M71A,_M73A,_M76B,_M77D,_M78A,_M79A,_M80B,_M81A,_M86A,_M87A,_M90D,_M91C,_N008,_N05S,_N15A,_N17X,_N18B,_N19C,_N20A,_N21D,_N50J,_N51M,_N52A,_N53B,_N54B,_N58X,_Q00D,_Q01F,_Q11B,_Q21W,_Q22B,_R00S,_R05A,_R10B,_R40X,_S04F,_S06X,_S09B,_S10H,_S15P,_S20H,_S25X,_S28X,_S29X,_S32M,_S41R,_S45W,_S54B/_S54X/,_S60R,_S67B,_S69A,_S72X,_S73A,_S74A,_S80C,_T01D,_T02F,_T05A,_T11B,_U00K,_U03X,_U104,_U32C,_Z05A,_Z06X,_Z07X,_Z10C,_Z12A,_Z14X,_Z15X,_Z16G,_Z20X,_1306,_1351,_440B,_D00D,_D10A,_D15A,_E10F,_H00D,_H05D,_H15B,_H30H,_L00A,_M05P,_M18A,_M47W,_M63E,_M65S,_M67C,_M85A,_Q20D,_R06A,_S00S,_S02A,_S03R,_S07A,_S36F,_S44A,_T12C,_T13F,,
_A026,_1406,_300S,_400M,_A50B,_C00F,_E00E/_E00G/,_4351,_120T,_210D,_230A,_425C,_430V,_445A,_A001,_710G,_A03C,_A209,_A35B,_A60X,_B00L,_C06C/_C06X/,_C08C,_C15X,_C30B,_F00A,_F05C,_F10P,_G00M,_G10X,_H10F,_H12A,_H13A,_J00B,_J10J,_J13X,_J14A,_J16E,_J17P/_J17X/,_K05A,_K12A,_K15J,_K20E,_K21H,_K30U,_K31X,_K39X,_K40B,_K41X,_K42C,_K43X,_K44A,_K60W,_K80B/_K80F/,_K81E,_K82B/_K82F/,_K83B,_L05X,_L10C,_L13C,_L15C,_L20C,_M00D,_M08X,_M09A,_M10D,_M14X,_M15A,_M17A,_M29X,_M36X,_M38E,_M39G,_M40A,_M45W,_M48X,_M53D,_M55P,_M57C,_M59X,_M62N,_M66A,_M69A,_M71A,_M73A,_M76B,_M77D,_M78A,_M79A,_M80B,_M81A,_M86A,_M87A,_M90D,_M91C,_N008,_N05S,_N15A,_N17X,_N18B,_N19C,_N20A,_N21D,_N50J,_N51M,_N52A,_N53B,_N54B,_N58X,_Q00D,_Q01X,_Q11B,_Q21W,_Q22D,_R00S,_R05A,_R10B,_R40X,_S04F,_S06X,_S09B,_S10H,_S15P,_S20H,_S25X,_S28X,_S29X,_S32M,_S41R,_S45W,_S54B/_S54X/,_S60R,_S67B,_S69A,_S72X,_S73A,_S74A,_S80C,_T01D,_T02F,_T05A,_T11B,_U00K,_U03X,_U104,_U32C,_Z05A,_Z06X,_Z07X,_Z10C,_Z12A,_Z14X,_Z15X,_Z16G,_Z20X,_1306,_1351,_440B,_D00D,_D10A,_D15A,_E10F,_H00D,_H05D,_H15B,_H30H,_L00A,_M05P,_M18A,_M47W,_M63E,_M65S,_M67C,_M85A,_Q20D,_R06A,_S00S,_S02A,_S03R,_S07A,_S36F,_S44A,_T12C,_T13F,,
_A026,_1406,_300S,_400M,_A50B,_C00F,_E00E/_E00G/,_4351,_120T,_210D,_230A,_425C,_430V,_445A,_A001,_710G,_A03C,_A209,_A35B,_A60X,_B00L,_C06C/_C06X/,_C08C,_C15X,_C30B,_F00A,_F05X,_F10P,_G00M,_G10X,_H10C,_H12X,_H13X,_J00B,_J10J,_J13X,_J14A,_J16E,_J17P/_J17X/,_K05A,_K12A,_K15J,_K20E,_K21H,_K304,_K31X,_K39X,_K40B,_K41X,_K42C,_K43X,_K44A,_K60W,_K80B/_K80F/,_K81E,_K82B/_K82F/,_K83B,_L05X,_L10C,_L13C,_L15C,_L20C,_M00D,_M08X,_M09A,_M10D,_M14X,_M15A,_M17A,_M29X,_M36X,_M38E,_M39G,_M40A,_M45W,_M48X,_M53D,_M55P,_M57C,_M59X,_M62N,_M66A,_M69A,_M71A,_M73A,_M76B,_M77D,_M78A,_M79A,_M80B,_M81A,_M86A,_M87A,_M90D,_M91C,_N008,_N05S,_N15A,_N17X,_N18B,_N19C,_N20A,_N21D,_N50J,_N51M,_N52A,_N53B,_N54B,_N58X,_Q00D,_Q01F,_Q11B,_Q21W,_Q22B,_R00S,_R05A,_R10B,_R40X,_S04F,_S06X,_S09B,_S10H,_S15P,_S20H,_S25X,_S28X,_S29X,_S32M,_S41R,_S45W,_S54B/_S54X/,_S60R,_S67B,_S69A,_S72X,_S73A,_S74A,_S80X,_T01D,_T02F,_T05A,_T11B,_U00K,_U03X,_U104,_U32C,_Z05A,_Z06X,_Z07X,_Z10C,_Z12A,_Z14X,_Z15X,_Z16G,_Z20X,_1306,_1351,_440B,_D00D,_D10A,_D15A,_E10F,_H00D,_H05D,_H15B,_H30H,_L00A,_M05P,_M18A,_M47W,_M63E,_M65S,_M67C,_M85A,_Q20D,_R06A,_S00S,_S02A,_S03R,_S07A,_S36F,_S44A,_T12C,_T13F,,
_A026,_1406,_300S,_400M,_A50B,_C00F,_E00E/_E00G/,_4351,_120T,_210D,_230A,_425C,_430V,_445A,_A001,_710G,_A03C,_A209,_A35B,_A60X,_B00L,_C06C/_C06X/,_C08C,_C15X,_C30B,_F00A,_F05X,_F10P,_G00M,_G10X,_H10C,_H12X,_H13X,_J00B,_J10J,_J13X,_J14A,_J16E,_J17P/_J17X/,_K05A,_K12A,_K15J,_K20E,_K21H,_K304,_K31X,_K39X,_K40B,_K41X,_K42C,_K43X,_K44A,_K60W,_K80B/_K80F/,_K81E,_K82B/_K82F/,_K83B,_L05X,_L10C,_L13C,_L15C,_L20C,_M00D,_M08X,_M09A,_M10D,_M14X,_M15A,_M17A,_M29X,_M36X,_M38E,_M39G,_M40A,_M45W,_M48X,_M53D,_M55P,_M57C,_M59X,_M62N,_M66A,_M69A,_M71A,_M73A,_M76B,_M77D,_M78A,_M79A,_M80B,_M81A,_M86A,_M87A,_M90D,_M91C,_N008,_N05S,_N15A,_N17X,_N18B,_N19C,_N20A,_N21D,_N50J,_N51M,_N52A,_N53B,_N54B,_N58X,_Q00D,_Q01X,_Q11B,_Q21W,_Q22D,_R00S,_R05A,_R10B,_R40X,_S04F,_S06X,_S09B,_S10H,_S15P,_S20H,_S25X,_S28X,_S29X,_S32M,_S41R,_S45W,_S54B/_S54X/,_S60R,_S67B,_S69A,_S72X,_S73A,_S74A,_S80X,_T01D,_T02F,_T05A,_T11B,_U00K,_U03X,_U104,_U32C,_Z05A,_Z06X,_Z07X,_Z10C,_Z12A,_Z14X,_Z15X,_Z16G,_Z20X,_1306,_1351,_440B,_D00D,_D10A,_D15A,_E10F,_H00D,_H05D,_H15B,_H30H,_L00A,_M05P,_M18A,_M47W,_M63E,_M65S,_M67C,_M85A,_Q20D,_R06A,_S00S,_S02A,_S03R,_S07A,_S36F,_S44A,_T12C,_T13F,,
_A026,_1406,_300S,_400M,_A50B,_C00F,_E00E/_E00G/,_4351,_120T,_210D,_230A,_425C,_430V,_445A,_H001,_710G,_A03C,_A209,_A35B,_A60X,_B00L,_C06C/_C06X/,_C08C,_C15X,_C30B,_F00A,_F05C,_F10P,_G00M,_G10X,_H10F,_H12A,_H13A,_J00B,_J10J,_J13X,_J14A,_J16E,_J17P/_J17X/,_K05A,_K12A,_K15J,_K20E,_K21H,_K30U,_K31X,_K39X,_K40B,_K41X,_K42C,_K43X,_K44A,_K60W,_K80B/_K80F/,_K81E,_K82B/_K82F/,_K83B,_L05X,_L10C,_L13C,_L15C,_L20C,_M00D,_M08X,_M09A,_M10D,_M14X,_M15A,_M17A,_M29X,_M36X,_M38E,_M39G,_M40A,_M45W,_M48X,_M53D,_M55P,_M57C,_M59X,_M62N,_M66A,_M69A,_M71A,_M73A,_M76B,_M77D,_M78A,_M79A,_M80B,_M81A,_M86A,_M87A,_M90D,_M91C,_N008,_N05S,_N15A,_N17X,_N18B,_N19C,_N20A,_N21D,_N50J,_N51M,_N52A,_N53B,_N54B,_N58X,_Q00D,_Q01F,_Q11B,_Q21W,_Q22B,_R00S,_R05A,_R10B,_R40X,_S04F,_S06X,_S09B,_S10H,_S15P,_S20H,_S25X,_S28X,_S29X,_S32M,_S41R,_S45W,_S54B/_S54X/,_S60R,_S67B,_S69A,_S72X,_S73A,_S74A,_S80C,_T01D,_T02F,_T05A,_T11B,_U00K,_U03X,_U104,_U32C,_Z05A,_Z06X,_Z07X,_Z10C,_Z12A,_Z14X,_Z15X,_Z16G,_Z20X,_1306,_1351,_440B,_D00D,_D10A,_D15A,_E10F,_H00D,_H05D,_H15B,_H30H,_L00A,_M05P,_M18A,_M47W,_M63E,_M65S,_M67C,_M85A,_Q20D,_R06A,_S00S,_S02A,_S03R,_S07A,_S36F,_S44A,_T12C,_T13F,,
_A026,_1406,_300S,_400M,_A50B,_C00F,_E00E/_E00G/,_4351,_120T,_210D,_230A,_425C,_430V,_445A,_H001,_710G,_A03C,_A209,_A35B,_A60X,_B00L,_C06C/_C06X/,_C08C,_C15X,_C30B,_F00A,_F05C,_F10P,_G00M,_G10X,_H10F,_H12A,_H13A,_J00B,_J10J,_J13X,_J14A,_J16E,_J17P/_J17X/,_K05A,_K12A,_K15J,_K20E,_K21H,_K30U,_K31X,_K39X,_K40B,_K41X,_K42C,_K43X,_K44A,_K60W,_K80B/_K80F/,_K81E,_K82B/_K82F/,_K83B,_L05X,_L10C,_L13C,_L15C,_L20C,_M00D,_M08X,_M09A,_M10D,_M14X,_M15A,_M17A,_M29X,_M36X,_M38E,_M39G,_M40A,_M45W,_M48X,_M53D,_M55P,_M57C,_M59X,_M62N,_M66A,_M69A,_M71A,_M73A,_M76B,_M77D,_M78A,_M79A,_M80B,_M81A,_M86A,_M87A,_M90D,_M91C,_N008,_N05S,_N15A,_N17X,_N18B,_N19C,_N20A,_N21D,_N50J,_N51M,_N52A,_N53B,_N54B,_N58X,_Q00D,_Q01X,_Q11B,_Q21W,_Q22D,_R00S,_R05A,_R10B,_R40X,_S04F,_S06X,_S09B,_S10H,_S15P,_S20H,_S25X,_S28X,_S29X,_S32M,_S41R,_S45W,_S54B/_S54X/,_S60R,_S67B,_S69A,_S72X,_S73A,_S74A,_S80C,_T01D,_T02F,_T05A,_T11B,_U00K,_U03X,_U104,_U32C,_Z05A,_Z06X,_Z07X,_Z10C,_Z12A,_Z14X,_Z15X,_Z16G,_Z20X,_1306,_1351,_440B,_D00D,_D10A,_D15A,_E10F,_H00D,_H05D,_H15B,_H30H,_L00A,_M05P,_M18A,_M47W,_M63E,_M65S,_M67C,_M85A,_Q20D,_R06A,_S00S,_S02A,_S03R,_S07A,_S36F,_S44A,_T12C,_T13F,,
_A026,_1406,_300S,_400M,_A50B,_C00F,_E00E/_E00G/,_4351,_120T,_210D,_230A,_425C,_430V,_445A,_H001,_710G,_A03C,_A209,_A35B,_A60X,_B00L,_C06C/_C06X/,_C08C,_C15X,_C30B,_F00A,_F05X,_F10P,_G00M,_G10X,_H10C,_H12X,_H13X,_J00B,_J10J,_J13X,_J14A,_J16E,_J17P/_J17X/,_K05A,_K12A,_K15J,_K20E,_K21H,_K304,_K31X,_K39X,_K40B,_K41X,_K42C,_K43X,_K44A,_K60W,_K80B/_K80F/,_K81E,_K82B/_K82F/,_K83B,_L05X,_L10C,_L13C,_L15C,_L20C,_M00D,_M08X,_M09A,_M10D,_M14X,_M15A,_M17A,_M29X,_M36X,_M38E,_M39G,_M40A,_M45W,_M48X,_M53D,_M55P,_M57C,_M59X,_M62N,_M66A,_M69A,_M71A,_M73A,_M76B,_M77D,_M78A,_M79A,_M80B,_M81A,_M86A,_M87A,_M90D,_M91C,_N008,_N05S,_N15A,_N17X,_N18B,_N19C,_N20A,_N21D,_N50J,_N51M,_N52A,_N53B,_N54B,_N58X,_Q00D,_Q01F,_Q11B,_Q21W,_Q22B,_R00S,_R05A,_R10B,_R40X,_S04F,_S06X,_S09B,_S10H,_S15P,_S20H,_S25X,_S28X,_S29X,_S32M,_S41R,_S45W,_S54B/_S54X/,_S60R,_S67B,_S69A,_S72X,_S73A,_S74A,_S80X,_T01D,_T02F,_T05A,_T11B,_U00K,_U03X,_U104,_U32C,_Z05A,_Z06X,_Z07X,_Z10C,_Z12A,_Z14X,_Z15X,_Z16G,_Z20X,_1306,_1351,_440B,_D00D,_D10A,_D15A,_E10F,_H00D,_H05D,_H15B,_H30H,_L00A,_M05P,_M18A,_M47W,_M63E,_M65S,_M67C,_M85A,_Q20D,_R06A,_S00S,_S02A,_S03R,_S07A,_S36F,_S44A,_T12C,_T13F,,
_A026,_1406,_300S,_400M,_A50B,_C00F,_E00E/_E00G/,_4351,_120T,_210D,_230A,_425C,_430V,_445A,_H001,_710G,_A03C,_A209,_A35B,_A60X,_B00L,_C06C/_C06X/,_C08C,_C15X,_C30B,_F00A,_F05X,_F10P,_G00M,_G10X,_H10C,_H12X,_H13X,_J00B,_J10J,_J13X,_J14A,_J16E,_J17P/_J17X/,_K05A,_K12A,_K15J,_K20E,_K21H,_K304,_K31X,_K39X,_K40B,_K41X,_K42C,_K43X,_K44A,_K60W,_K80B/_K80F/,_K81E,_K82B/_K82F/,_K83B,_L05X,_L10C,_L13C,_L15C,_L20C,_M00D,_M08X,_M09A,_M10D,_M14X,_M15A,_M17A,_M29X,_M36X,_M38E,_M39G,_M40A,_M45W,_M48X,_M53D,_M55P,_M57C,_M59X,_M62N,_M66A,_M69A,_M71A,_M73A,_M76B,_M77D,_M78A,_M79A,_M80B,_M81A,_M86A,_M87A,_M90D,_M91C,_N008,_N05S,_N15A,_N17X,_N18B,_N19C,_N20A,_N21D,_N50J,_N51M,_N52A,_N53B,_N54B,_N58X,_Q00D,_Q01X,_Q11B,_Q21W,_Q22D,_R00S,_R05A,_R10B,_R40X,_S04F,_S06X,_S09B,_S10H,_S15P,_S20H,_S25X,_S28X,_S29X,_S32M,_S41R,_S45W,_S54B/_S54X/,_S60R,_S67B,_S69A,_S72X,_S73A,_S74A,_S80X,_T01D,_T02F,_T05A,_T11B,_U00K,_U03X,_U104,_U32C,_Z05A,_Z06X,_Z07X,_Z10C,_Z12A,_Z14X,_Z15X,_Z16G,_Z20X,_1306,_1351,_440B,_D00D,_D10A,_D15A,_E10F,_H00D,_H05D,_H15B,_H30H,_L00A,_M05P,_M18A,_M47W,_M63E,_M65S,_M67C,_M85A,_Q20D,_R06A,_S00S,_S02A,_S03R,_S07A,_S36F,_S44A,_T12C,_T13F,,
_A026,_1406,_300S,_400M,_A50B,_C00G,_E00C,_4351,_120T,_210D,_230A,_425C,_430V,_445A,_M001/_L001/,_710G,_A03C,_A209,_A35B,_A60X,_B00L,_C06C/_C06X/,_C08D,_C15X,_C30B,_F00A,_F05C,_F10P,_G00M,_G10X,_H10F,_H12A,_H13A,_J00B,_J10J,_J13X,_J14A,_J16E,_J17P/_J17X/,_K05A,_K12A,_K15J,_K20E,_K21H,_K301,_K31X,_K39X,_K40B,_K41X,_K42C,_K43X,_K44A,_K60W,_K80B/_K80F/,_K81E,_K82B/_K82F/,_K83B,_L05X,_L10C,_L13C,_L15C,_L20C,_M00D,_M08X,_M09A,_M10D,_M14X,_M15A,_M17A,_M29X,_M36X,_M38E,_M39G,_M40A,_M45W,_M48X,_M53D,_M55P,_M57C,_M59X,_M62N,_M66A,_M69A,_M71A,_M73A,_M76B,_M77C,_M78A,_M79A,_M80B,_M81A,_M86A,_M87A,_M90D,_M91C,_N008,_N05S,_N15A,_N17X,_N18B,_N19C,_N20A,_N21D,_N50J,_N51M,_N52A,_N53B,_N54B,_N58X,_Q00D,_Q01F,_Q11B,_Q21W,_Q22B,_R00S,_R05A,_R10B,_R40X,_S04F,_S06X,_S09B,_S10H,_S15P,_S20H,_S25X,_S28X,_S29X,_S32M,_S41R,_S45W,_S54B/_S54X/,_S60R,_S67B,_S69A,_S72X,_S73A,_S74A,_S80C,_T01D,_T02F,_T05A,_T11B,_U00K,_U03X,_U104,_U32C,_Z05A,_Z06X,_Z07X,_Z10C,_Z12A,_Z14X,_Z15X,_Z16G,_Z20X,_1306,_1351,_440B,_D00D,_D10A,_D15A,_E10F,_H00D,_H05D,_H15B,_H30H,_L00A,_M05P,_M18A,_M47W,_M63E,_M65S,_M67C,_M85A,_Q20D,_R06A,_S00S,_S02A,_S03R,_S07A,_S36F,_S44A,_T12C,_T13F,,
_A026,_1406,_300S,_400M,_A50B,_C00G,_E00C,_4351,_120T,_210D,_230A,_425C,_430V,_445A,_M001/_L001/,_710G,_A03C,_A209,_A35B,_A60X,_B00L,_C06C/_C06X/,_C08D,_C15X,_C30B,_F00A,_F05C,_F10P,_G00M,_G10X,_H10F,_H12A,_H13A,_J00B,_J10J,_J13X,_J14A,_J16E,_J17P/_J17X/,_K05A,_K12A,_K15J,_K20E,_K21H,_K301,_K31X,_K39X,_K40B,_K41X,_K42C,_K43X,_K44A,_K60W,_K80B/_K80F/,_K81E,_K82B/_K82F/,_K83B,_L05X,_L10C,_L13C,_L15C,_L20C,_M00D,_M08X,_M09A,_M10D,_M14X,_M15A,_M17A,_M29X,_M36X,_M38E,_M39G,_M40A,_M45W,_M48X,_M53D,_M55P,_M57C,_M59X,_M62N,_M66A,_M69A,_M71A,_M73A,_M76B,_M77C,_M78A,_M79A,_M80B,_M81A,_M86A,_M87A,_M90D,_M91C,_N008,_N05S,_N15A,_N17X,_N18B,_N19C,_N20A,_N21D,_N50J,_N51M,_N52A,_N53B,_N54B,_N58X,_Q00D,_Q01X,_Q11B,_Q21W,_Q22D,_R00S,_R05A,_R10B,_R40X,_S04F,_S06X,_S09B,_S10H,_S15P,_S20H,_S25X,_S28X,_S29X,_S32M,_S41R,_S45W,_S54B/_S54X/,_S60R,_S67B,_S69A,_S72X,_S73A,_S74A,_S80C,_T01D,_T02F,_T05A,_T11B,_U00K,_U03X,_U104,_U32C,_Z05A,_Z06X,_Z07X,_Z10C,_Z12A,_Z14X,_Z15X,_Z16G,_Z20X,_1306,_1351,_440B,_D00D,_D10A,_D15A,_E10F,_H00D,_H05D,_H15B,_H30H,_L00A,_M05P,_M18A,_M47W,_M63E,_M65S,_M67C,_M85A,_Q20D,_R06A,_S00S,_S02A,_S03R,_S07A,_S36F,_S44A,_T12C,_T13F,,
_A026,_1406,_300S,_400M,_A50B,_C00G,_E00C,_4351,_120T,_210D,_230A,_425C,_430V,_445A,_A001,_710G,_A03C,_A209,_A35B,_A60X,_B00L,_C06C/_C06X/,_C08D,_C15X,_C30B,_F00A,_F05C,_F10P,_G00M,_G10X,_H10F,_H12A,_H13A,_J00B,_J10J,_J13X,_J14A,_J16E,_J17P/_J17X/,_K05A,_K12A,_K15J,_K20E,_K21H,_K301,_K31X,_K39X,_K40B,_K41X,_K42C,_K43X,_K44A,_K60W,_K80B/_K80F/,_K81E,_K82B/_K82F/,_K83B,_L05X,_L10C,_L13C,_L15C,_L20C,_M00D,_M08X,_M09A,_M10D,_M14X,_M15A,_M17A,_M29X,_M36X,_M38E,_M39G,_M40A,_M45W,_M48X,_M53D,_M55P,_M57C,_M59X,_M62N,_M66A,_M69A,_M71A,_M73A,_M76B,_M77C,_M78A,_M79A,_M80B,_M81A,_M86A,_M87A,_M90D,_M91C,_N008,_N05S,_N15A,_N17X,_N18B,_N19C,_N20A,_N21D,_N50J,_N51M,_N52A,_N53B,_N54B,_N58X,_Q00D,_Q01F,_Q11B,_Q21W,_Q22B,_R00S,_R05A,_R10B,_R40X,_S04F,_S06X,_S09B,_S10H,_S15P,_S20H,_S25X,_S28X,_S29X,_S32M,_S41R,_S45W,_S54B/_S54X/,_S60R,_S67B,_S69A,_S72X,_S73A,_S74A,_S80C,_T01D,_T02F,_T05A,_T11B,_U00K,_U03X,_U104,_U32C,_Z05A,_Z06X,_Z07X,_Z10C,_Z12A,_Z14X,_Z15X,_Z16G,_Z20X,_1306,_1351,_440B,_D00D,_D10A,_D15A,_E10F,_H00D,_H05D,_H15B,_H30H,_L00A,_M05P,_M18A,_M47W,_M63E,_M65S,_M67C,_M85A,_Q20D,_R06A,_S00S,_S02A,_S03R,_S07A,_S36F,_S44A,_T12C,_T13F,,
_A026,_1406,_300S,_400M,_A50B,_C00G,_E00C,_4351,_120T,_210D,_230A,_425C,_430V,_445A,_A001,_710G,_A03C,_A209,_A35B,_A60X,_B00L,_C06C/_C06X/,_C08D,_C15X,_C30B,_F00A,_F05C,_F10P,_G00M,_G10X,_H10F,_H12A,_H13A,_J00B,_J10J,_J13X,_J14A,_J16E,_J17P/_J17X/,_K05A,_K12A,_K15J,_K20E,_K21H,_K301,_K31X,_K39X,_K40B,_K41X,_K42C,_K43X,_K44A,_K60W,_K80B/_K80F/,_K81E,_K82B/_K82F/,_K83B,_L05X,_L10C,_L13C,_L15C,_L20C,_M00D,_M08X,_M09A,_M10D,_M14X,_M15A,_M17A,_M29X,_M36X,_M38E,_M39G,_M40A,_M45W,_M48X,_M53D,_M55P,_M57C,_M59X,_M62N,_M66A,_M69A,_M71A,_M73A,_M76B,_M77C,_M78A,_M79A,_M80B,_M81A,_M86A,_M87A,_M90D,_M91C,_N008,_N05S,_N15A,_N17X,_N18B,_N19C,_N20A,_N21D,_N50J,_N51M,_N52A,_N53B,_N54B,_N58X,_Q00D,_Q01X,_Q11B,_Q21W,_Q22D,_R00S,_R05A,_R10B,_R40X,_S04F,_S06X,_S09B,_S10H,_S15P,_S20H,_S25X,_S28X,_S29X,_S32M,_S41R,_S45W,_S54B/_S54X/,_S60R,_S67B,_S69A,_S72X,_S73A,_S74A,_S80C,_T01D,_T02F,_T05A,_T11B,_U00K,_U03X,_U104,_U32C,_Z05A,_Z06X,_Z07X,_Z10C,_Z12A,_Z14X,_Z15X,_Z16G,_Z20X,_1306,_1351,_440B,_D00D,_D10A,_D15A,_E10F,_H00D,_H05D,_H15B,_H30H,_L00A,_M05P,_M18A,_M47W,_M63E,_M65S,_M67C,_M85A,_Q20D,_R06A,_S00S,_S02A,_S03R,_S07A,_S36F,_S44A,_T12C,_T13F,,
_A026,_1406,_300S,_400M,_A50B,_C00G,_E00C,_4351,_120T,_210D,_230A,_425C,_430V,_445A,_H001,_710G,_A03C,_A209,_A35B,_A60X,_B00L,_C06C/_C06X/,_C08D,_C15X,_C30B,_F00A,_F05C,_F10P,_G00M,_G10X,_H10F,_H12A,_H13A,_J00B,_J10J,_J13X,_J14A,_J16E,_J17P/_J17X/,_K05A,_K12A,_K15J,_K20E,_K21H,_K301,_K31X,_K39X,_K40B,_K41X,_K42C,_K43X,_K44A,_K60W,_K80B/_K80F/,_K81E,_K82B/_K82F/,_K83B,_L05X,_L10C,_L13C,_L15C,_L20C,_M00D,_M08X,_M09A,_M10D,_M14X,_M15A,_M17A,_M29X,_M36X,_M38E,_M39G,_M40A,_M45W,_M48X,_M53D,_M55P,_M57C,_M59X,_M62N,_M66A,_M69A,_M71A,_M73A,_M76B,_M77C,_M78A,_M79A,_M80B,_M81A,_M86A,_M87A,_M90D,_M91C,_N008,_N05S,_N15A,_N17X,_N18B,_N19C,_N20A,_N21D,_N50J,_N51M,_N52A,_N53B,_N54B,_N58X,_Q00D,_Q01F,_Q11B,_Q21W,_Q22B,_R00S,_R05A,_R10B,_R40X,_S04F,_S06X,_S09B,_S10H,_S15P,_S20H,_S25X,_S28X,_S29X,_S32M,_S41R,_S45W,_S54B/_S54X/,_S60R,_S67B,_S69A,_S72X,_S73A,_S74A,_S80C,_T01D,_T02F,_T05A,_T11B,_U00K,_U03X,_U104,_U32C,_Z05A,_Z06X,_Z07X,_Z10C,_Z12A,_Z14X,_Z15X,_Z16G,_Z20X,_1306,_1351,_440B,_D00D,_D10A,_D15A,_E10F,_H00D,_H05D,_H15B,_H30H,_L00A,_M05P,_M18A,_M47W,_M63E,_M65S,_M67C,_M85A,_Q20D,_R06A,_S00S,_S02A,_S03R,_S07A,_S36F,_S44A,_T12C,_T13F,,
_A026,_1406,_300S,_400M,_A50B,_C00G,_E00C,_4351,_120T,_210D,_230A,_425C,_430V,_445A,_H001,_710G,_A03C,_A209,_A35B,_A60X,_B00L,_C06C/_C06X/,_C08D,_C15X,_C30B,_F00A,_F05C,_F10P,_G00M,_G10X,_H10F,_H12A,_H13A,_J00B,_J10J,_J13X,_J14A,_J16E,_J17P/_J17X/,_K05A,_K12A,_K15J,_K20E,_K21H,_K301,_K31X,_K39X,_K40B,_K41X,_K42C,_K43X,_K44A,_K60W,_K80B/_K80F/,_K81E,_K82B/_K82F/,_K83B,_L05X,_L10C,_L13C,_L15C,_L20C,_M00D,_M08X,_M09A,_M10D,_M14X,_M15A,_M17A,_M29X,_M36X,_M38E,_M39G,_M40A,_M45W,_M48X,_M53D,_M55P,_M57C,_M59X,_M62N,_M66A,_M69A,_M71A,_M73A,_M76B,_M77C,_M78A,_M79A,_M80B,_M81A,_M86A,_M87A,_M90D,_M91C,_N008,_N05S,_N15A,_N17X,_N18B,_N19C,_N20A,_N21D,_N50J,_N51M,_N52A,_N53B,_N54B,_N58X,_Q00D,_Q01X,_Q11B,_Q21W,_Q22D,_R00S,_R05A,_R10B,_R40X,_S04F,_S06X,_S09B,_S10H,_S15P,_S20H,_S25X,_S28X,_S29X,_S32M,_S41R,_S45W,_S54B/_S54X/,_S60R,_S67B,_S69A,_S72X,_S73A,_S74A,_S80C,_T01D,_T02F,_T05A,_T11B,_U00K,_U03X,_U104,_U32C,_Z05A,_Z06X,_Z07X,_Z10C,_Z12A,_Z14X,_Z15X,_Z16G,_Z20X,_1306,_1351,_440B,_D00D,_D10A,_D15A,_E10F,_H00D,_H05D,_H15B,_H30H,_L00A,_M05P,_M18A,_M47W,_M63E,_M65S,_M67C,_M85A,_Q20D,_R06A,_S00S,_S02A,_S03R,_S07A,_S36F,_S44A,_T12C,_T13F,,
_A026,_1406,_300S,_400M,_A50B,_C00G,_E00E/_E00G/,_4351,_120T,_210D,_230A,_425C,_430V,_445A,_M001/_L001/,_710G,_A03C,_A209,_A35B,_A60X,_B00L,_C06C/_C06X/,_C08D,_C15X,_C30B,_F00A,_F05C,_F10P,_G00M,_G10X,_H10F,_H12A,_H13A,_J00B,_J10J,_J13X,_J14A,_J16E,_J17P/_J17X/,_K05A,_K12A,_K15J,_K20E,_K21H,_K30U,_K31X,_K39X,_K40B,_K41X,_K42C,_K43X,_K44A,_K60W,_K80B/_K80F/,_K81E,_K82B/_K82F/,_K83B,_L05X,_L10C,_L13C,_L15C,_L20C,_M00D,_M08X,_M09A,_M10D,_M14X,_M15A,_M17A,_M29X,_M36X,_M38E,_M39G,_M40A,_M45W,_M48X,_M53D,_M55P,_M57C,_M59X,_M62N,_M66A,_M69A,_M71A,_M73A,_M76B,_M77D,_M78A,_M79A,_M80B,_M81A,_M86A,_M87A,_M90D,_M91C,_N008,_N05S,_N15A,_N17X,_N18B,_N19C,_N20A,_N21D,_N50J,_N51M,_N52A,_N53B,_N54B,_N58X,_Q00D,_Q01F,_Q11B,_Q21W,_Q22B,_R00S,_R05A,_R10B,_R40X,_S04F,_S06X,_S09B,_S10H,_S15P,_S20H,_S25X,_S28X,_S29X,_S32M,_S41R,_S45W,_S54B/_S54X/,_S60R,_S67B,_S69A,_S72X,_S73A,_S74A,_S80C,_T01D,_T02F,_T05A,_T11B,_U00K,_U03X,_U104,_U32C,_Z05A,_Z06X,_Z07X,_Z10C,_Z12A,_Z14X,_Z15X,_Z16G,_Z20X,_1306,_1351,_440B,_D00D,_D10A,_D15A,_E10F,_H00D,_H05D,_H15B,_H30H,_L00A,_M05P,_M18A,_M47W,_M63E,_M65S,_M67C,_M85A,_Q20D,_R06A,_S00S,_S02A,_S03R,_S07A,_S36F,_S44A,_T12C,_T13F,,
_A026,_1406,_300S,_400M,_A50B,_C00G,_E00E/_E00G/,_4351,_120T,_210D,_230A,_425C,_430V,_445A,_M001/_L001/,_710G,_A03C,_A209,_A35B,_A60X,_B00L,_C06C/_C06X/,_C08D,_C15X,_C30B,_F00A,_F05C,_F10P,_G00M,_G10X,_H10F,_H12A,_H13A,_J00B,_J10J,_J13X,_J14A,_J16E,_J17P/_J17X/,_K05A,_K12A,_K15J,_K20E,_K21H,_K30U,_K31X,_K39X,_K40B,_K41X,_K42C,_K43X,_K44A,_K60W,_K80B/_K80F/,_K81E,_K82B/_K82F/,_K83B,_L05X,_L10C,_L13C,_L15C,_L20C,_M00D,_M08X,_M09A,_M10D,_M14X,_M15A,_M17A,_M29X,_M36X,_M38E,_M39G,_M40A,_M45W,_M48X,_M53D,_M55P,_M57C,_M59X,_M62N,_M66A,_M69A,_M71A,_M73A,_M76B,_M77D,_M78A,_M79A,_M80B,_M81A,_M86A,_M87A,_M90D,_M91C,_N008,_N05S,_N15A,_N17X,_N18B,_N19C,_N20A,_N21D,_N50J,_N51M,_N52A,_N53B,_N54B,_N58X,_Q00D,_Q01X,_Q11B,_Q21W,_Q22D,_R00S,_R05A,_R10B,_R40X,_S04F,_S06X,_S09B,_S10H,_S15P,_S20H,_S25X,_S28X,_S29X,_S32M,_S41R,_S45W,_S54B/_S54X/,_S60R,_S67B,_S69A,_S72X,_S73A,_S74A,_S80C,_T01D,_T02F,_T05A,_T11B,_U00K,_U03X,_U104,_U32C,_Z05A,_Z06X,_Z07X,_Z10C,_Z12A,_Z14X,_Z15X,_Z16G,_Z20X,_1306,_1351,_440B,_D00D,_D10A,_D15A,_E10F,_H00D,_H05D,_H15B,_H30H,_L00A,_M05P,_M18A,_M47W,_M63E,_M65S,_M67C,_M85A,_Q20D,_R06A,_S00S,_S02A,_S03R,_S07A,_S36F,_S44A,_T12C,_T13F,,
_A026,_1406,_300S,_400M,_A50B,_C00G,_E00E/_E00G/,_4351,_120T,_210D,_230A,_425C,_430V,_445A,_M001/_L001/,_710G,_A03C,_A209,_A35B,_A60X,_B00L,_C06C/_C06X/,_C08D,_C15X,_C30B,_F00A,_F05X,_F10P,_G00M,_G10X,_H10C,_H12X,_H13X,_J00B,_J10J,_J13X,_J14A,_J16E,_J17P/_J17X/,_K05A,_K12A,_K15J,_K20E,_K21H,_K304,_K31X,_K39X,_K40B,_K41X,_K42C,_K43X,_K44A,_K60W,_K80B/_K80F/,_K81E,_K82B/_K82F/,_K83B,_L05X,_L10C,_L13C,_L15C,_L20C,_M00D,_M08X,_M09A,_M10D,_M14X,_M15A,_M17A,_M29X,_M36X,_M38E,_M39G,_M40A,_M45W,_M48X,_M53D,_M55P,_M57C,_M59X,_M62N,_M66A,_M69A,_M71A,_M73A,_M76B,_M77D,_M78A,_M79A,_M80B,_M81A,_M86A,_M87A,_M90D,_M91C,_N008,_N05S,_N15A,_N17X,_N18B,_N19C,_N20A,_N21D,_N50J,_N51M,_N52A,_N53B,_N54B,_N58X,_Q00D,_Q01F,_Q11B,_Q21W,_Q22B,_R00S,_R05A,_R10B,_R40X,_S04F,_S06X,_S09B,_S10H,_S15P,_S20H,_S25X,_S28X,_S29X,_S32M,_S41R,_S45W,_S54B/_S54X/,_S60R,_S67B,_S69A,_S72X,_S73A,_S74A,_S80C,_T01D,_T02F,_T05A,_T11B,_U00K,_U03X,_U104,_U32C,_Z05A,_Z06X,_Z07X,_Z10C,_Z12A,_Z14X,_Z15X,_Z16G,_Z20X,_1306,_1351,_440B,_D00D,_D10A,_D15A,_E10F,_H00D,_H05D,_H15B,_H30H,_L00A,_M05P,_M18A,_M47W,_M63E,_M65S,_M67C,_M85A,_Q20D,_R06A,_S00S,_S02A,_S03R,_S07A,_S36F,_S44A,_T12C,_T13F,,
_A026,_1406,_300S,_400M,_A50B,_C00G,_E00E/_E00G/,_4351,_120T,_210D,_230A,_425C,_430V,_445A,_M001/_L001/,_710G,_A03C,_A209,_A35B,_A60X,_B00L,_C06C/_C06X/,_C08D,_C15X,_C30B,_F00A,_F05X,_F10P,_G00M,_G10X,_H10C,_H12X,_H13X,_J00B,_J10J,_J13X,_J14A,_J16E,_J17P/_J17X/,_K05A,_K12A,_K15J,_K20E,_K21H,_K304,_K31X,_K39X,_K40B,_K41X,_K42C,_K43X,_K44A,_K60W,_K80B/_K80F/,_K81E,_K82B/_K82F/,_K83B,_L05X,_L10C,_L13C,_L15C,_L20C,_M00D,_M08X,_M09A,_M10D,_M14X,_M15A,_M17A,_M29X,_M36X,_M38E,_M39G,_M40A,_M45W,_M48X,_M53D,_M55P,_M57C,_M59X,_M62N,_M66A,_M69A,_M71A,_M73A,_M76B,_M77D,_M78A,_M79A,_M80B,_M81A,_M86A,_M87A,_M90D,_M91C,_N008,_N05S,_N15A,_N17X,_N18B,_N19C,_N20A,_N21D,_N50J,_N51M,_N52A,_N53B,_N54B,_N58X,_Q00D,_Q01X,_Q11B,_Q21W,_Q22D,_R00S,_R05A,_R10B,_R40X,_S04F,_S06X,_S09B,_S10H,_S15P,_S20H,_S25X,_S28X,_S29X,_S32M,_S41R,_S45W,_S54B/_S54X/,_S60R,_S67B,_S69A,_S72X,_S73A,_S74A,_S80C,_T01D,_T02F,_T05A,_T11B,_U00K,_U03X,_U104,_U32C,_Z05A,_Z06X,_Z07X,_Z10C,_Z12A,_Z14X,_Z15X,_Z16G,_Z20X,_1306,_1351,_440B,_D00D,_D10A,_D15A,_E10F,_H00D,_H05D,_H15B,_H30H,_L00A,_M05P,_M18A,_M47W,_M63E,_M65S,_M67C,_M85A,_Q20D,_R06A,_S00S,_S02A,_S03R,_S07A,_S36F,_S44A,_T12C,_T13F,,
_A026,_1406,_300S,_400M,_A50B,_C00G,_E00E/_E00G/,_4351,_120T,_210D,_230A,_425C,_430V,_445A,_A001,_710G,_A03C,_A209,_A35B,_A60X,_B00L,_C06C/_C06X/,_C08D,_C15X,_C30B,_F00A,_F05C,_F10P,_G00M,_G10X,_H10F,_H12A,_H13A,_J00B,_J10J,_J13X,_J14A,_J16E,_J17P/_J17X/,_K05A,_K12A,_K15J,_K20E,_K21H,_K30U,_K31X,_K39X,_K40B,_K41X,_K42C,_K43X,_K44A,_K60W,_K80B/_K80F/,_K81E,_K82B/_K82F/,_K83B,_L05X,_L10C,_L13C,_L15C,_L20C,_M00D,_M08X,_M09A,_M10D,_M14X,_M15A,_M17A,_M29X,_M36X,_M38E,_M39G,_M40A,_M45W,_M48X,_M53D,_M55P,_M57C,_M59X,_M62N,_M66A,_M69A,_M71A,_M73A,_M76B,_M77D,_M78A,_M79A,_M80B,_M81A,_M86A,_M87A,_M90D,_M91C,_N008,_N05S,_N15A,_N17X,_N18B,_N19C,_N20A,_N21D,_N50J,_N51M,_N52A,_N53B,_N54B,_N58X,_Q00D,_Q01F,_Q11B,_Q21W,_Q22B,_R00S,_R05A,_R10B,_R40X,_S04F,_S06X,_S09B,_S10H,_S15P,_S20H,_S25X,_S28X,_S29X,_S32M,_S41R,_S45W,_S54B/_S54X/,_S60R,_S67B,_S69A,_S72X,_S73A,_S74A,_S80C,_T01D,_T02F,_T05A,_T11B,_U00K,_U03X,_U104,_U32C,_Z05A,_Z06X,_Z07X,_Z10C,_Z12A,_Z14X,_Z15X,_Z16G,_Z20X,_1306,_1351,_440B,_D00D,_D10A,_D15A,_E10F,_H00D,_H05D,_H15B,_H30H,_L00A,_M05P,_M18A,_M47W,_M63E,_M65S,_M67C,_M85A,_Q20D,_R06A,_S00S,_S02A,_S03R,_S07A,_S36F,_S44A,_T12C,_T13F,,
_A026,_1406,_300S,_400M,_A50B,_C00G,_E00E/_E00G/,_4351,_120T,_210D,_230A,_425C,_430V,_445A,_A001,_710G,_A03C,_A209,_A35B,_A60X,_B00L,_C06C/_C06X/,_C08D,_C15X,_C30B,_F00A,_F05C,_F10P,_G00M,_G10X,_H10F,_H12A,_H13A,_J00B,_J10J,_J13X,_J14A,_J16E,_J17P/_J17X/,_K05A,_K12A,_K15J,_K20E,_K21H,_K30U,_K31X,_K39X,_K40B,_K41X,_K42C,_K43X,_K44A,_K60W,_K80B/_K80F/,_K81E,_K82B/_K82F/,_K83B,_L05X,_L10C,_L13C,_L15C,_L20C,_M00D,_M08X,_M09A,_M10D,_M14X,_M15A,_M17A,_M29X,_M36X,_M38E,_M39G,_M40A,_M45W,_M48X,_M53D,_M55P,_M57C,_M59X,_M62N,_M66A,_M69A,_M71A,_M73A,_M76B,_M77D,_M78A,_M79A,_M80B,_M81A,_M86A,_M87A,_M90D,_M91C,_N008,_N05S,_N15A,_N17X,_N18B,_N19C,_N20A,_N21D,_N50J,_N51M,_N52A,_N53B,_N54B,_N58X,_Q00D,_Q01X,_Q11B,_Q21W,_Q22D,_R00S,_R05A,_R10B,_R40X,_S04F,_S06X,_S09B,_S10H,_S15P,_S20H,_S25X,_S28X,_S29X,_S32M,_S41R,_S45W,_S54B/_S54X/,_S60R,_S67B,_S69A,_S72X,_S73A,_S74A,_S80C,_T01D,_T02F,_T05A,_T11B,_U00K,_U03X,_U104,_U32C,_Z05A,_Z06X,_Z07X,_Z10C,_Z12A,_Z14X,_Z15X,_Z16G,_Z20X,_1306,_1351,_440B,_D00D,_D10A,_D15A,_E10F,_H00D,_H05D,_H15B,_H30H,_L00A,_M05P,_M18A,_M47W,_M63E,_M65S,_M67C,_M85A,_Q20D,_R06A,_S00S,_S02A,_S03R,_S07A,_S36F,_S44A,_T12C,_T13F,,
_A026,_1406,_300S,_400M,_A50B,_C00G,_E00E/_E00G/,_4351,_120T,_210D,_230A,_425C,_430V,_445A,_A001,_710G,_A03C,_A209,_A35B,_A60X,_B00L,_C06C/_C06X/,_C08D,_C15X,_C30B,_F00A,_F05X,_F10P,_G00M,_G10X,_H10C,_H12X,_H13X,_J00B,_J10J,_J13X,_J14A,_J16E,_J17P/_J17X/,_K05A,_K12A,_K15J,_K20E,_K21H,_K304,_K31X,_K39X,_K40B,_K41X,_K42C,_K43X,_K44A,_K60W,_K80B/_K80F/,_K81E,_K82B/_K82F/,_K83B,_L05X,_L10C,_L13C,_L15C,_L20C,_M00D,_M08X,_M09A,_M10D,_M14X,_M15A,_M17A,_M29X,_M36X,_M38E,_M39G,_M40A,_M45W,_M48X,_M53D,_M55P,_M57C,_M59X,_M62N,_M66A,_M69A,_M71A,_M73A,_M76B,_M77D,_M78A,_M79A,_M80B,_M81A,_M86A,_M87A,_M90D,_M91C,_N008,_N05S,_N15A,_N17X,_N18B,_N19C,_N20A,_N21D,_N50J,_N51M,_N52A,_N53B,_N54B,_N58X,_Q00D,_Q01F,_Q11B,_Q21W,_Q22B,_R00S,_R05A,_R10B,_R40X,_S04F,_S06X,_S09B,_S10H,_S15P,_S20H,_S25X,_S28X,_S29X,_S32M,_S41R,_S45W,_S54B/_S54X/,_S60R,_S67B,_S69A,_S72X,_S73A,_S74A,_S80C,_T01D,_T02F,_T05A,_T11B,_U00K,_U03X,_U104,_U32C,_Z05A,_Z06X,_Z07X,_Z10C,_Z12A,_Z14X,_Z15X,_Z16G,_Z20X,_1306,_1351,_440B,_D00D,_D10A,_D15A,_E10F,_H00D,_H05D,_H15B,_H30H,_L00A,_M05P,_M18A,_M47W,_M63E,_M65S,_M67C,_M85A,_Q20D,_R06A,_S00S,_S02A,_S03R,_S07A,_S36F,_S44A,_T12C,_T13F,,
_A026,_1406,_300S,_400M,_A50B,_C00G,_E00E/_E00G/,_4351,_120T,_210D,_230A,_425C,_430V,_445A,_A001,_710G,_A03C,_A209,_A35B,_A60X,_B00L,_C06C/_C06X/,_C08D,_C15X,_C30B,_F00A,_F05X,_F10P,_G00M,_G10X,_H10C,_H12X,_H13X,_J00B,_J10J,_J13X,_J14A,_J16E,_J17P/_J17X/,_K05A,_K12A,_K15J,_K20E,_K21H,_K304,_K31X,_K39X,_K40B,_K41X,_K42C,_K43X,_K44A,_K60W,_K80B/_K80F/,_K81E,_K82B/_K82F/,_K83B,_L05X,_L10C,_L13C,_L15C,_L20C,_M00D,_M08X,_M09A,_M10D,_M14X,_M15A,_M17A,_M29X,_M36X,_M38E,_M39G,_M40A,_M45W,_M48X,_M53D,_M55P,_M57C,_M59X,_M62N,_M66A,_M69A,_M71A,_M73A,_M76B,_M77D,_M78A,_M79A,_M80B,_M81A,_M86A,_M87A,_M90D,_M91C,_N008,_N05S,_N15A,_N17X,_N18B,_N19C,_N20A,_N21D,_N50J,_N51M,_N52A,_N53B,_N54B,_N58X,_Q00D,_Q01X,_Q11B,_Q21W,_Q22D,_R00S,_R05A,_R10B,_R40X,_S04F,_S06X,_S09B,_S10H,_S15P,_S20H,_S25X,_S28X,_S29X,_S32M,_S41R,_S45W,_S54B/_S54X/,_S60R,_S67B,_S69A,_S72X,_S73A,_S74A,_S80C,_T01D,_T02F,_T05A,_T11B,_U00K,_U03X,_U104,_U32C,_Z05A,_Z06X,_Z07X,_Z10C,_Z12A,_Z14X,_Z15X,_Z16G,_Z20X,_1306,_1351,_440B,_D00D,_D10A,_D15A,_E10F,_H00D,_H05D,_H15B,_H30H,_L00A,_M05P,_M18A,_M47W,_M63E,_M65S,_M67C,_M85A,_Q20D,_R06A,_S00S,_S02A,_S03R,_S07A,_S36F,_S44A,_T12C,_T13F,,
_A026,_1406,_300S,_400M,_A50B,_C00G,_E00E/_E00G/,_4351,_120T,_210D,_230A,_425C,_430V,_445A,_H001,_710G,_A03C,_A209,_A35B,_A60X,_B00L,_C06C/_C06X/,_C08D,_C15X,_C30B,_F00A,_F05C,_F10P,_G00M,_G10X,_H10F,_H12A,_H13A,_J00B,_J10J,_J13X,_J14A,_J16E,_J17P/_J17X/,_K05A,_K12A,_K15J,_K20E,_K21H,_K30U,_K31X,_K39X,_K40B,_K41X,_K42C,_K43X,_K44A,_K60W,_K80B/_K80F/,_K81E,_K82B/_K82F/,_K83B,_L05X,_L10C,_L13C,_L15C,_L20C,_M00D,_M08X,_M09A,_M10D,_M14X,_M15A,_M17A,_M29X,_M36X,_M38E,_M39G,_M40A,_M45W,_M48X,_M53D,_M55P,_M57C,_M59X,_M62N,_M66A,_M69A,_M71A,_M73A,_M76B,_M77D,_M78A,_M79A,_M80B,_M81A,_M86A,_M87A,_M90D,_M91C,_N008,_N05S,_N15A,_N17X,_N18B,_N19C,_N20A,_N21D,_N50J,_N51M,_N52A,_N53B,_N54B,_N58X,_Q00D,_Q01F,_Q11B,_Q21W,_Q22B,_R00S,_R05A,_R10B,_R40X,_S04F,_S06X,_S09B,_S10H,_S15P,_S20H,_S25X,_S28X,_S29X,_S32M,_S41R,_S45W,_S54B/_S54X/,_S60R,_S67B,_S69A,_S72X,_S73A,_S74A,_S80C,_T01D,_T02F,_T05A,_T11B,_U00K,_U03X,_U104,_U32C,_Z05A,_Z06X,_Z07X,_Z10C,_Z12A,_Z14X,_Z15X,_Z16G,_Z20X,_1306,_1351,_440B,_D00D,_D10A,_D15A,_E10F,_H00D,_H05D,_H15B,_H30H,_L00A,_M05P,_M18A,_M47W,_M63E,_M65S,_M67C,_M85A,_Q20D,_R06A,_S00S,_S02A,_S03R,_S07A,_S36F,_S44A,_T12C,_T13F,,
_A026,_1406,_300S,_400M,_A50B,_C00G,_E00E/_E00G/,_4351,_120T,_210D,_230A,_425C,_430V,_445A,_H001,_710G,_A03C,_A209,_A35B,_A60X,_B00L,_C06C/_C06X/,_C08D,_C15X,_C30B,_F00A,_F05C,_F10P,_G00M,_G10X,_H10F,_H12A,_H13A,_J00B,_J10J,_J13X,_J14A,_J16E,_J17P/_J17X/,_K05A,_K12A,_K15J,_K20E,_K21H,_K30U,_K31X,_K39X,_K40B,_K41X,_K42C,_K43X,_K44A,_K60W,_K80B/_K80F/,_K81E,_K82B/_K82F/,_K83B,_L05X,_L10C,_L13C,_L15C,_L20C,_M00D,_M08X,_M09A,_M10D,_M14X,_M15A,_M17A,_M29X,_M36X,_M38E,_M39G,_M40A,_M45W,_M48X,_M53D,_M55P,_M57C,_M59X,_M62N,_M66A,_M69A,_M71A,_M73A,_M76B,_M77D,_M78A,_M79A,_M80B,_M81A,_M86A,_M87A,_M90D,_M91C,_N008,_N05S,_N15A,_N17X,_N18B,_N19C,_N20A,_N21D,_N50J,_N51M,_N52A,_N53B,_N54B,_N58X,_Q00D,_Q01X,_Q11B,_Q21W,_Q22D,_R00S,_R05A,_R10B,_R40X,_S04F,_S06X,_S09B,_S10H,_S15P,_S20H,_S25X,_S28X,_S29X,_S32M,_S41R,_S45W,_S54B/_S54X/,_S60R,_S67B,_S69A,_S72X,_S73A,_S74A,_S80C,_T01D,_T02F,_T05A,_T11B,_U00K,_U03X,_U104,_U32C,_Z05A,_Z06X,_Z07X,_Z10C,_Z12A,_Z14X,_Z15X,_Z16G,_Z20X,_1306,_1351,_440B,_D00D,_D10A,_D15A,_E10F,_H00D,_H05D,_H15B,_H30H,_L00A,_M05P,_M18A,_M47W,_M63E,_M65S,_M67C,_M85A,_Q20D,_R06A,_S00S,_S02A,_S03R,_S07A,_S36F,_S44A,_T12C,_T13F,,
_A026,_1406,_300S,_400M,_A50B,_C00G,_E00E/_E00G/,_4351,_120T,_210D,_230A,_425C,_430V,_445A,_H001,_710G,_A03C,_A209,_A35B,_A60X,_B00L,_C06C/_C06X/,_C08D,_C15X,_C30B,_F00A,_F05X,_F10P,_G00M,_G10X,_H10C,_H12X,_H13X,_J00B,_J10J,_J13X,_J14A,_J16E,_J17P/_J17X/,_K05A,_K12A,_K15J,_K20E,_K21H,_K304,_K31X,_K39X,_K40B,_K41X,_K42C,_K43X,_K44A,_K60W,_K80B/_K80F/,_K81E,_K82B/_K82F/,_K83B,_L05X,_L10C,_L13C,_L15C,_L20C,_M00D,_M08X,_M09A,_M10D,_M14X,_M15A,_M17A,_M29X,_M36X,_M38E,_M39G,_M40A,_M45W,_M48X,_M53D,_M55P,_M57C,_M59X,_M62N,_M66A,_M69A,_M71A,_M73A,_M76B,_M77D,_M78A,_M79A,_M80B,_M81A,_M86A,_M87A,_M90D,_M91C,_N008,_N05S,_N15A,_N17X,_N18B,_N19C,_N20A,_N21D,_N50J,_N51M,_N52A,_N53B,_N54B,_N58X,_Q00D,_Q01F,_Q11B,_Q21W,_Q22B,_R00S,_R05A,_R10B,_R40X,_S04F,_S06X,_S09B,_S10H,_S15P,_S20H,_S25X,_S28X,_S29X,_S32M,_S41R,_S45W,_S54B/_S54X/,_S60R,_S67B,_S69A,_S72X,_S73A,_S74A,_S80C,_T01D,_T02F,_T05A,_T11B,_U00K,_U03X,_U104,_U32C,_Z05A,_Z06X,_Z07X,_Z10C,_Z12A,_Z14X,_Z15X,_Z16G,_Z20X,_1306,_1351,_440B,_D00D,_D10A,_D15A,_E10F,_H00D,_H05D,_H15B,_H30H,_L00A,_M05P,_M18A,_M47W,_M63E,_M65S,_M67C,_M85A,_Q20D,_R06A,_S00S,_S02A,_S03R,_S07A,_S36F,_S44A,_T12C,_T13F,,
_A026,_1406,_300S,_400M,_A50B,_C00G,_E00E/_E00G/,_4351,_120T,_210D,_230A,_425C,_430V,_445A,_H001,_710G,_A03C,_A209,_A35B,_A60X,_B00L,_C06C/_C06X/,_C08D,_C15X,_C30B,_F00A,_F05X,_F10P,_G00M,_G10X,_H10C,_H12X,_H13X,_J00B,_J10J,_J13X,_J14A,_J16E,_J17P/_J17X/,_K05A,_K12A,_K15J,_K20E,_K21H,_K304,_K31X,_K39X,_K40B,_K41X,_K42C,_K43X,_K44A,_K60W,_K80B/_K80F/,_K81E,_K82B/_K82F/,_K83B,_L05X,_L10C,_L13C,_L15C,_L20C,_M00D,_M08X,_M09A,_M10D,_M14X,_M15A,_M17A,_M29X,_M36X,_M38E,_M39G,_M40A,_M45W,_M48X,_M53D,_M55P,_M57C,_M59X,_M62N,_M66A,_M69A,_M71A,_M73A,_M76B,_M77D,_M78A,_M79A,_M80B,_M81A,_M86A,_M87A,_M90D,_M91C,_N008,_N05S,_N15A,_N17X,_N18B,_N19C,_N20A,_N21D,_N50J,_N51M,_N52A,_N53B,_N54B,_N58X,_Q00D,_Q01X,_Q11B,_Q21W,_Q22D,_R00S,_R05A,_R10B,_R40X,_S04F,_S06X,_S09B,_S10H,_S15P,_S20H,_S25X,_S28X,_S29X,_S32M,_S41R,_S45W,_S54B/_S54X/,_S60R,_S67B,_S69A,_S72X,_S73A,_S74A,_S80C,_T01D,_T02F,_T05A,_T11B,_U00K,_U03X,_U104,_U32C,_Z05A,_Z06X,_Z07X,_Z10C,_Z12A,_Z14X,_Z15X,_Z16G,_Z20X,_1306,_1351,_440B,_D00D,_D10A,_D15A,_E10F,_H00D,_H05D,_H15B,_H30H,_L00A,_M05P,_M18A,_M47W,_M63E,_M65S,_M67C,_M85A,_Q20D,_R06A,_S00S,_S02A,_S03R,_S07A,_S36F,_S44A,_T12C,_T13F,,
_A026,_1406,_300S,_400M,_A50B,_C00N,_E00C,_4351,_120T,_210D,_230A,_425C,_430V,_445A,_M001/_L001/,_710G,_A03C,_A209,_A35B,_A60X,_B00L,_C06C/_C06X/,_C08C,_C15X,_C30B,_F00A,_F05C,_F10P,_G00M,_G10X,_H10F,_H12A,_H13A,_J00B,_J10J,_J13X,_J14A,_J16E,_J17P/_J17X/,_K05A,_K12A,_K15J,_K20E,_K21H,_K301,_K31X,_K39X,_K40B,_K41X,_K42C,_K43X,_K44A,_K60W,_K80B/_K80F/,_K81E,_K82B/_K82F/,_K83B,_L05X,_L10C,_L13C,_L15C,_L20C,_M00D,_M08X,_M09A,_M10D,_M14X,_M15A,_M17A,_M29X,_M36X,_M38E,_M39G,_M40A,_M45W,_M48X,_M53D,_M55P,_M57C,_M59X,_M62N,_M66A,_M69A,_M71A,_M73A,_M76B,_M77C,_M78A,_M79A,_M80B,_M81A,_M86A,_M87A,_M90D,_M91C,_N008,_N05S,_N15A,_N17X,_N18B,_N19C,_N20A,_N21D,_N50J,_N51M,_N52A,_N53B,_N54B,_N58X,_Q00D,_Q01F,_Q11B,_Q21W,_Q22B,_R00S,_R05A,_R10B,_R40X,_S04F,_S06X,_S09B,_S10H,_S15P,_S20H,_S25X,_S28X,_S29X,_S32M,_S41R,_S45W,_S54B/_S54X/,_S60R,_S67B,_S69A,_S72X,_S73A,_S74A,_S80C,_T01D,_T02F,_T05A,_T11B,_U00K,_U03X,_U104,_U32C,_Z05A,_Z06X,_Z07X,_Z10C,_Z12A,_Z14X,_Z15X,_Z16G,_Z20X,_1306,_1351,_440B,_D00D,_D10A,_D15A,_E10F,_H00D,_H05D,_H15B,_H30H,_L00A,_M05P,_M18A,_M47W,_M63E,_M65S,_M67C,_M85A,_Q20D,_R06A,_S00S,_S02A,_S03R,_S07A,_S36F,_S44A,_T12C,_T13F,,
_A026,_1406,_300S,_400M,_A50B,_C00N,_E00C,_4351,_120T,_210D,_230A,_425C,_430V,_445A,_M001/_L001/,_710G,_A03C,_A209,_A35B,_A60X,_B00L,_C06C/_C06X/,_C08C,_C15X,_C30B,_F00A,_F05C,_F10P,_G00M,_G10X,_H10F,_H12A,_H13A,_J00B,_J10J,_J13X,_J14A,_J16E,_J17P/_J17X/,_K05A,_K12A,_K15J,_K20E,_K21H,_K301,_K31X,_K39X,_K40B,_K41X,_K42C,_K43X,_K44A,_K60W,_K80B/_K80F/,_K81E,_K82B/_K82F/,_K83B,_L05X,_L10C,_L13C,_L15C,_L20C,_M00D,_M08X,_M09A,_M10D,_M14X,_M15A,_M17A,_M29X,_M36X,_M38E,_M39G,_M40A,_M45W,_M48X,_M53D,_M55P,_M57C,_M59X,_M62N,_M66A,_M69A,_M71A,_M73A,_M76B,_M77C,_M78A,_M79A,_M80B,_M81A,_M86A,_M87A,_M90D,_M91C,_N008,_N05S,_N15A,_N17X,_N18B,_N19C,_N20A,_N21D,_N50J,_N51M,_N52A,_N53B,_N54B,_N58X,_Q00D,_Q01X,_Q11B,_Q21W,_Q22D,_R00S,_R05A,_R10B,_R40X,_S04F,_S06X,_S09B,_S10H,_S15P,_S20H,_S25X,_S28X,_S29X,_S32M,_S41R,_S45W,_S54B/_S54X/,_S60R,_S67B,_S69A,_S72X,_S73A,_S74A,_S80C,_T01D,_T02F,_T05A,_T11B,_U00K,_U03X,_U104,_U32C,_Z05A,_Z06X,_Z07X,_Z10C,_Z12A,_Z14X,_Z15X,_Z16G,_Z20X,_1306,_1351,_440B,_D00D,_D10A,_D15A,_E10F,_H00D,_H05D,_H15B,_H30H,_L00A,_M05P,_M18A,_M47W,_M63E,_M65S,_M67C,_M85A,_Q20D,_R06A,_S00S,_S02A,_S03R,_S07A,_S36F,_S44A,_T12C,_T13F,,
_A026,_1406,_300S,_400M,_A50B,_C00N,_E00C,_4351,_120T,_210D,_230A,_425C,_430V,_445A,_A001,_710G,_A03C,_A209,_A35B,_A60X,_B00L,_C06C/_C06X/,_C08C,_C15X,_C30B,_F00A,_F05C,_F10P,_G00M,_G10X,_H10F,_H12A,_H13A,_J00B,_J10J,_J13X,_J14A,_J16E,_J17P/_J17X/,_K05A,_K12A,_K15J,_K20E,_K21H,_K301,_K31X,_K39X,_K40B,_K41X,_K42C,_K43X,_K44A,_K60W,_K80B/_K80F/,_K81E,_K82B/_K82F/,_K83B,_L05X,_L10C,_L13C,_L15C,_L20C,_M00D,_M08X,_M09A,_M10D,_M14X,_M15A,_M17A,_M29X,_M36X,_M38E,_M39G,_M40A,_M45W,_M48X,_M53D,_M55P,_M57C,_M59X,_M62N,_M66A,_M69A,_M71A,_M73A,_M76B,_M77C,_M78A,_M79A,_M80B,_M81A,_M86A,_M87A,_M90D,_M91C,_N008,_N05S,_N15A,_N17X,_N18B,_N19C,_N20A,_N21D,_N50J,_N51M,_N52A,_N53B,_N54B,_N58X,_Q00D,_Q01F,_Q11B,_Q21W,_Q22B,_R00S,_R05A,_R10B,_R40X,_S04F,_S06X,_S09B,_S10H,_S15P,_S20H,_S25X,_S28X,_S29X,_S32M,_S41R,_S45W,_S54B/_S54X/,_S60R,_S67B,_S69A,_S72X,_S73A,_S74A,_S80C,_T01D,_T02F,_T05A,_T11B,_U00K,_U03X,_U104,_U32C,_Z05A,_Z06X,_Z07X,_Z10C,_Z12A,_Z14X,_Z15X,_Z16G,_Z20X,_1306,_1351,_440B,_D00D,_D10A,_D15A,_E10F,_H00D,_H05D,_H15B,_H30H,_L00A,_M05P,_M18A,_M47W,_M63E,_M65S,_M67C,_M85A,_Q20D,_R06A,_S00S,_S02A,_S03R,_S07A,_S36F,_S44A,_T12C,_T13F,,
_A026,_1406,_300S,_400M,_A50B,_C00N,_E00C,_4351,_120T,_210D,_230A,_425C,_430V,_445A,_A001,_710G,_A03C,_A209,_A35B,_A60X,_B00L,_C06C/_C06X/,_C08C,_C15X,_C30B,_F00A,_F05C,_F10P,_G00M,_G10X,_H10F,_H12A,_H13A,_J00B,_J10J,_J13X,_J14A,_J16E,_J17P/_J17X/,_K05A,_K12A,_K15J,_K20E,_K21H,_K301,_K31X,_K39X,_K40B,_K41X,_K42C,_K43X,_K44A,_K60W,_K80B/_K80F/,_K81E,_K82B/_K82F/,_K83B,_L05X,_L10C,_L13C,_L15C,_L20C,_M00D,_M08X,_M09A,_M10D,_M14X,_M15A,_M17A,_M29X,_M36X,_M38E,_M39G,_M40A,_M45W,_M48X,_M53D,_M55P,_M57C,_M59X,_M62N,_M66A,_M69A,_M71A,_M73A,_M76B,_M77C,_M78A,_M79A,_M80B,_M81A,_M86A,_M87A,_M90D,_M91C,_N008,_N05S,_N15A,_N17X,_N18B,_N19C,_N20A,_N21D,_N50J,_N51M,_N52A,_N53B,_N54B,_N58X,_Q00D,_Q01X,_Q11B,_Q21W,_Q22D,_R00S,_R05A,_R10B,_R40X,_S04F,_S06X,_S09B,_S10H,_S15P,_S20H,_S25X,_S28X,_S29X,_S32M,_S41R,_S45W,_S54B/_S54X/,_S60R,_S67B,_S69A,_S72X,_S73A,_S74A,_S80C,_T01D,_T02F,_T05A,_T11B,_U00K,_U03X,_U104,_U32C,_Z05A,_Z06X,_Z07X,_Z10C,_Z12A,_Z14X,_Z15X,_Z16G,_Z20X,_1306,_1351,_440B,_D00D,_D10A,_D15A,_E10F,_H00D,_H05D,_H15B,_H30H,_L00A,_M05P,_M18A,_M47W,_M63E,_M65S,_M67C,_M85A,_Q20D,_R06A,_S00S,_S02A,_S03R,_S07A,_S36F,_S44A,_T12C,_T13F,,
_A026,_1406,_300S,_400M,_A50B,_C00N,_E00C,_4351,_120T,_210D,_230A,_425C,_430V,_445A,_H001,_710G,_A03C,_A209,_A35B,_A60X,_B00L,_C06C/_C06X/,_C08C,_C15X,_C30B,_F00A,_F05C,_F10P,_G00M,_G10X,_H10F,_H12A,_H13A,_J00B,_J10J,_J13X,_J14A,_J16E,_J17P/_J17X/,_K05A,_K12A,_K15J,_K20E,_K21H,_K301,_K31X,_K39X,_K40B,_K41X,_K42C,_K43X,_K44A,_K60W,_K80B/_K80F/,_K81E,_K82B/_K82F/,_K83B,_L05X,_L10C,_L13C,_L15C,_L20C,_M00D,_M08X,_M09A,_M10D,_M14X,_M15A,_M17A,_M29X,_M36X,_M38E,_M39G,_M40A,_M45W,_M48X,_M53D,_M55P,_M57C,_M59X,_M62N,_M66A,_M69A,_M71A,_M73A,_M76B,_M77C,_M78A,_M79A,_M80B,_M81A,_M86A,_M87A,_M90D,_M91C,_N008,_N05S,_N15A,_N17X,_N18B,_N19C,_N20A,_N21D,_N50J,_N51M,_N52A,_N53B,_N54B,_N58X,_Q00D,_Q01F,_Q11B,_Q21W,_Q22B,_R00S,_R05A,_R10B,_R40X,_S04F,_S06X,_S09B,_S10H,_S15P,_S20H,_S25X,_S28X,_S29X,_S32M,_S41R,_S45W,_S54B/_S54X/,_S60R,_S67B,_S69A,_S72X,_S73A,_S74A,_S80C,_T01D,_T02F,_T05A,_T11B,_U00K,_U03X,_U104,_U32C,_Z05A,_Z06X,_Z07X,_Z10C,_Z12A,_Z14X,_Z15X,_Z16G,_Z20X,_1306,_1351,_440B,_D00D,_D10A,_D15A,_E10F,_H00D,_H05D,_H15B,_H30H,_L00A,_M05P,_M18A,_M47W,_M63E,_M65S,_M67C,_M85A,_Q20D,_R06A,_S00S,_S02A,_S03R,_S07A,_S36F,_S44A,_T12C,_T13F,,
_A026,_1406,_300S,_400M,_A50B,_C00N,_E00C,_4351,_120T,_210D,_230A,_425C,_430V,_445A,_H001,_710G,_A03C,_A209,_A35B,_A60X,_B00L,_C06C/_C06X/,_C08C,_C15X,_C30B,_F00A,_F05C,_F10P,_G00M,_G10X,_H10F,_H12A,_H13A,_J00B,_J10J,_J13X,_J14A,_J16E,_J17P/_J17X/,_K05A,_K12A,_K15J,_K20E,_K21H,_K301,_K31X,_K39X,_K40B,_K41X,_K42C,_K43X,_K44A,_K60W,_K80B/_K80F/,_K81E,_K82B/_K82F/,_K83B,_L05X,_L10C,_L13C,_L15C,_L20C,_M00D,_M08X,_M09A,_M10D,_M14X,_M15A,_M17A,_M29X,_M36X,_M38E,_M39G,_M40A,_M45W,_M48X,_M53D,_M55P,_M57C,_M59X,_M62N,_M66A,_M69A,_M71A,_M73A,_M76B,_M77C,_M78A,_M79A,_M80B,_M81A,_M86A,_M87A,_M90D,_M91C,_N008,_N05S,_N15A,_N17X,_N18B,_N19C,_N20A,_N21D,_N50J,_N51M,_N52A,_N53B,_N54B,_N58X,_Q00D,_Q01X,_Q11B,_Q21W,_Q22D,_R00S,_R05A,_R10B,_R40X,_S04F,_S06X,_S09B,_S10H,_S15P,_S20H,_S25X,_S28X,_S29X,_S32M,_S41R,_S45W,_S54B/_S54X/,_S60R,_S67B,_S69A,_S72X,_S73A,_S74A,_S80C,_T01D,_T02F,_T05A,_T11B,_U00K,_U03X,_U104,_U32C,_Z05A,_Z06X,_Z07X,_Z10C,_Z12A,_Z14X,_Z15X,_Z16G,_Z20X,_1306,_1351,_440B,_D00D,_D10A,_D15A,_E10F,_H00D,_H05D,_H15B,_H30H,_L00A,_M05P,_M18A,_M47W,_M63E,_M65S,_M67C,_M85A,_Q20D,_R06A,_S00S,_S02A,_S03R,_S07A,_S36F,_S44A,_T12C,_T13F,,
_A026,_1406,_300S,_400M,_A50B,_C00N,_E00E/_E00G/,_4351,_120T,_210D,_230A,_425C,_430V,_445A,_M001/_L001/,_710G,_A03C,_A209,_A35B,_A60X,_B00L,_C06C/_C06X/,_C08C,_C15X,_C30B,_F00A,_F05C,_F10P,_G00M,_G10X,_H10F,_H12A,_H13A,_J00B,_J10J,_J13X,_J14A,_J16E,_J17P/_J17X/,_K05A,_K12A,_K15J,_K20E,_K21H,_K30U,_K31X,_K39X,_K40B,_K41X,_K42C,_K43X,_K44A,_K60W,_K80B/_K80F/,_K81E,_K82B/_K82F/,_K83B,_L05X,_L10C,_L13C,_L15C,_L20C,_M00D,_M08X,_M09A,_M10D,_M14X,_M15A,_M17A,_M29X,_M36X,_M38E,_M39G,_M40A,_M45W,_M48X,_M53D,_M55P,_M57C,_M59X,_M62N,_M66A,_M69A,_M71A,_M73A,_M76B,_M77D,_M78A,_M79A,_M80B,_M81A,_M86A,_M87A,_M90D,_M91C,_N008,_N05S,_N15A,_N17X,_N18B,_N19C,_N20A,_N21D,_N50J,_N51M,_N52A,_N53B,_N54B,_N58X,_Q00D,_Q01F,_Q11B,_Q21W,_Q22B,_R00S,_R05A,_R10B,_R40X,_S04F,_S06X,_S09B,_S10H,_S15P,_S20H,_S25X,_S28X,_S29X,_S32M,_S41R,_S45W,_S54B/_S54X/,_S60R,_S67B,_S69A,_S72X,_S73A,_S74A,_S80C,_T01D,_T02F,_T05A,_T11B,_U00K,_U03X,_U104,_U32C,_Z05A,_Z06X,_Z07X,_Z10C,_Z12A,_Z14X,_Z15X,_Z16G,_Z20X,_1306,_1351,_440B,_D00D,_D10A,_D15A,_E10F,_H00D,_H05D,_H15B,_H30H,_L00A,_M05P,_M18A,_M47W,_M63E,_M65S,_M67C,_M85A,_Q20D,_R06A,_S00S,_S02A,_S03R,_S07A,_S36F,_S44A,_T12C,_T13F,,
_A026,_1406,_300S,_400M,_A50B,_C00N,_E00E/_E00G/,_4351,_120T,_210D,_230A,_425C,_430V,_445A,_M001/_L001/,_710G,_A03C,_A209,_A35B,_A60X,_B00L,_C06C/_C06X/,_C08C,_C15X,_C30B,_F00A,_F05C,_F10P,_G00M,_G10X,_H10F,_H12A,_H13A,_J00B,_J10J,_J13X,_J14A,_J16E,_J17P/_J17X/,_K05A,_K12A,_K15J,_K20E,_K21H,_K30U,_K31X,_K39X,_K40B,_K41X,_K42C,_K43X,_K44A,_K60W,_K80B/_K80F/,_K81E,_K82B/_K82F/,_K83B,_L05X,_L10C,_L13C,_L15C,_L20C,_M00D,_M08X,_M09A,_M10D,_M14X,_M15A,_M17A,_M29X,_M36X,_M38E,_M39G,_M40A,_M45W,_M48X,_M53D,_M55P,_M57C,_M59X,_M62N,_M66A,_M69A,_M71A,_M73A,_M76B,_M77D,_M78A,_M79A,_M80B,_M81A,_M86A,_M87A,_M90D,_M91C,_N008,_N05S,_N15A,_N17X,_N18B,_N19C,_N20A,_N21D,_N50J,_N51M,_N52A,_N53B,_N54B,_N58X,_Q00D,_Q01X,_Q11B,_Q21W,_Q22D,_R00S,_R05A,_R10B,_R40X,_S04F,_S06X,_S09B,_S10H,_S15P,_S20H,_S25X,_S28X,_S29X,_S32M,_S41R,_S45W,_S54B/_S54X/,_S60R,_S67B,_S69A,_S72X,_S73A,_S74A,_S80C,_T01D,_T02F,_T05A,_T11B,_U00K,_U03X,_U104,_U32C,_Z05A,_Z06X,_Z07X,_Z10C,_Z12A,_Z14X,_Z15X,_Z16G,_Z20X,_1306,_1351,_440B,_D00D,_D10A,_D15A,_E10F,_H00D,_H05D,_H15B,_H30H,_L00A,_M05P,_M18A,_M47W,_M63E,_M65S,_M67C,_M85A,_Q20D,_R06A,_S00S,_S02A,_S03R,_S07A,_S36F,_S44A,_T12C,_T13F,,
_A026,_1406,_300S,_400M,_A50B,_C00N,_E00E/_E00G/,_4351,_120T,_210D,_230A,_425C,_430V,_445A,_M001/_L001/,_710G,_A03C,_A209,_A35B,_A60X,_B00L,_C06C/_C06X/,_C08C,_C15X,_C30B,_F00A,_F05X,_F10P,_G00M,_G10X,_H10C,_H12X,_H13X,_J00B,_J10J,_J13X,_J14A,_J16E,_J17P/_J17X/,_K05A,_K12A,_K15J,_K20E,_K21H,_K304,_K31X,_K39X,_K40B,_K41X,_K42C,_K43X,_K44A,_K60W,_K80B/_K80F/,_K81E,_K82B/_K82F/,_K83B,_L05X,_L10C,_L13C,_L15C,_L20C,_M00D,_M08X,_M09A,_M10D,_M14X,_M15A,_M17A,_M29X,_M36X,_M38E,_M39G,_M40A,_M45W,_M48X,_M53D,_M55P,_M57C,_M59X,_M62N,_M66A,_M69A,_M71A,_M73A,_M76B,_M77D,_M78A,_M79A,_M80B,_M81A,_M86A,_M87A,_M90D,_M91C,_N008,_N05S,_N15A,_N17X,_N18B,_N19C,_N20A,_N21D,_N50J,_N51M,_N52A,_N53B,_N54B,_N58X,_Q00D,_Q01F,_Q11B,_Q21W,_Q22B,_R00S,_R05A,_R10B,_R40X,_S04F,_S06X,_S09B,_S10H,_S15P,_S20H,_S25X,_S28X,_S29X,_S32M,_S41R,_S45W,_S54B/_S54X/,_S60R,_S67B,_S69A,_S72X,_S73A,_S74A,_S80X,_T01D,_T02F,_T05A,_T11B,_U00K,_U03X,_U104,_U32C,_Z05A,_Z06X,_Z07X,_Z10C,_Z12A,_Z14X,_Z15X,_Z16G,_Z20X,_1306,_1351,_440B,_D00D,_D10A,_D15A,_E10F,_H00D,_H05D,_H15B,_H30H,_L00A,_M05P,_M18A,_M47W,_M63E,_M65S,_M67C,_M85A,_Q20D,_R06A,_S00S,_S02A,_S03R,_S07A,_S36F,_S44A,_T12C,_T13F,,
_A026,_1406,_300S,_400M,_A50B,_C00N,_E00E/_E00G/,_4351,_120T,_210D,_230A,_425C,_430V,_445A,_M001/_L001/,_710G,_A03C,_A209,_A35B,_A60X,_B00L,_C06C/_C06X/,_C08C,_C15X,_C30B,_F00A,_F05X,_F10P,_G00M,_G10X,_H10C,_H12X,_H13X,_J00B,_J10J,_J13X,_J14A,_J16E,_J17P/_J17X/,_K05A,_K12A,_K15J,_K20E,_K21H,_K304,_K31X,_K39X,_K40B,_K41X,_K42C,_K43X,_K44A,_K60W,_K80B/_K80F/,_K81E,_K82B/_K82F/,_K83B,_L05X,_L10C,_L13C,_L15C,_L20C,_M00D,_M08X,_M09A,_M10D,_M14X,_M15A,_M17A,_M29X,_M36X,_M38E,_M39G,_M40A,_M45W,_M48X,_M53D,_M55P,_M57C,_M59X,_M62N,_M66A,_M69A,_M71A,_M73A,_M76B,_M77D,_M78A,_M79A,_M80B,_M81A,_M86A,_M87A,_M90D,_M91C,_N008,_N05S,_N15A,_N17X,_N18B,_N19C,_N20A,_N21D,_N50J,_N51M,_N52A,_N53B,_N54B,_N58X,_Q00D,_Q01X,_Q11B,_Q21W,_Q22D,_R00S,_R05A,_R10B,_R40X,_S04F,_S06X,_S09B,_S10H,_S15P,_S20H,_S25X,_S28X,_S29X,_S32M,_S41R,_S45W,_S54B/_S54X/,_S60R,_S67B,_S69A,_S72X,_S73A,_S74A,_S80X,_T01D,_T02F,_T05A,_T11B,_U00K,_U03X,_U104,_U32C,_Z05A,_Z06X,_Z07X,_Z10C,_Z12A,_Z14X,_Z15X,_Z16G,_Z20X,_1306,_1351,_440B,_D00D,_D10A,_D15A,_E10F,_H00D,_H05D,_H15B,_H30H,_L00A,_M05P,_M18A,_M47W,_M63E,_M65S,_M67C,_M85A,_Q20D,_R06A,_S00S,_S02A,_S03R,_S07A,_S36F,_S44A,_T12C,_T13F,,
_A026,_1406,_300S,_400M,_A50B,_C00N,_E00E/_E00G/,_4351,_120T,_210D,_230A,_425C,_430V,_445A,_A001,_710G,_A03C,_A209,_A35B,_A60X,_B00L,_C06C/_C06X/,_C08C,_C15X,_C30B,_F00A,_F05C,_F10P,_G00M,_G10X,_H10F,_H12A,_H13A,_J00B,_J10J,_J13X,_J14A,_J16E,_J17P/_J17X/,_K05A,_K12A,_K15J,_K20E,_K21H,_K30U,_K31X,_K39X,_K40B,_K41X,_K42C,_K43X,_K44A,_K60W,_K80B/_K80F/,_K81E,_K82B/_K82F/,_K83B,_L05X,_L10C,_L13C,_L15C,_L20C,_M00D,_M08X,_M09A,_M10D,_M14X,_M15A,_M17A,_M29X,_M36X,_M38E,_M39G,_M40A,_M45W,_M48X,_M53D,_M55P,_M57C,_M59X,_M62N,_M66A,_M69A,_M71A,_M73A,_M76B,_M77D,_M78A,_M79A,_M80B,_M81A,_M86A,_M87A,_M90D,_M91C,_N008,_N05S,_N15A,_N17X,_N18B,_N19C,_N20A,_N21D,_N50J,_N51M,_N52A,_N53B,_N54B,_N58X,_Q00D,_Q01F,_Q11B,_Q21W,_Q22B,_R00S,_R05A,_R10B,_R40X,_S04F,_S06X,_S09B,_S10H,_S15P,_S20H,_S25X,_S28X,_S29X,_S32M,_S41R,_S45W,_S54B/_S54X/,_S60R,_S67B,_S69A,_S72X,_S73A,_S74A,_S80C,_T01D,_T02F,_T05A,_T11B,_U00K,_U03X,_U104,_U32C,_Z05A,_Z06X,_Z07X,_Z10C,_Z12A,_Z14X,_Z15X,_Z16G,_Z20X,_1306,_1351,_440B,_D00D,_D10A,_D15A,_E10F,_H00D,_H05D,_H15B,_H30H,_L00A,_M05P,_M18A,_M47W,_M63E,_M65S,_M67C,_M85A,_Q20D,_R06A,_S00S,_S02A,_S03R,_S07A,_S36F,_S44A,_T12C,_T13F,,
_A026,_1406,_300S,_400M,_A50B,_C00N,_E00E/_E00G/,_4351,_120T,_210D,_230A,_425C,_430V,_445A,_A001,_710G,_A03C,_A209,_A35B,_A60X,_B00L,_C06C/_C06X/,_C08C,_C15X,_C30B,_F00A,_F05C,_F10P,_G00M,_G10X,_H10F,_H12A,_H13A,_J00B,_J10J,_J13X,_J14A,_J16E,_J17P/_J17X/,_K05A,_K12A,_K15J,_K20E,_K21H,_K30U,_K31X,_K39X,_K40B,_K41X,_K42C,_K43X,_K44A,_K60W,_K80B/_K80F/,_K81E,_K82B/_K82F/,_K83B,_L05X,_L10C,_L13C,_L15C,_L20C,_M00D,_M08X,_M09A,_M10D,_M14X,_M15A,_M17A,_M29X,_M36X,_M38E,_M39G,_M40A,_M45W,_M48X,_M53D,_M55P,_M57C,_M59X,_M62N,_M66A,_M69A,_M71A,_M73A,_M76B,_M77D,_M78A,_M79A,_M80B,_M81A,_M86A,_M87A,_M90D,_M91C,_N008,_N05S,_N15A,_N17X,_N18B,_N19C,_N20A,_N21D,_N50J,_N51M,_N52A,_N53B,_N54B,_N58X,_Q00D,_Q01X,_Q11B,_Q21W,_Q22D,_R00S,_R05A,_R10B,_R40X,_S04F,_S06X,_S09B,_S10H,_S15P,_S20H,_S25X,_S28X,_S29X,_S32M,_S41R,_S45W,_S54B/_S54X/,_S60R,_S67B,_S69A,_S72X,_S73A,_S74A,_S80C,_T01D,_T02F,_T05A,_T11B,_U00K,_U03X,_U104,_U32C,_Z05A,_Z06X,_Z07X,_Z10C,_Z12A,_Z14X,_Z15X,_Z16G,_Z20X,_1306,_1351,_440B,_D00D,_D10A,_D15A,_E10F,_H00D,_H05D,_H15B,_H30H,_L00A,_M05P,_M18A,_M47W,_M63E,_M65S,_M67C,_M85A,_Q20D,_R06A,_S00S,_S02A,_S03R,_S07A,_S36F,_S44A,_T12C,_T13F,,
_A026,_1406,_300S,_400M,_A50B,_C00N,_E00E/_E00G/,_4351,_120T,_210D,_230A,_425C,_430V,_445A,_A001,_710G,_A03C,_A209,_A35B,_A60X,_B00L,_C06C/_C06X/,_C08C,_C15X,_C30B,_F00A,_F05X,_F10P,_G00M,_G10X,_H10C,_H12X,_H13X,_J00B,_J10J,_J13X,_J14A,_J16E,_J17P/_J17X/,_K05A,_K12A,_K15J,_K20E,_K21H,_K304,_K31X,_K39X,_K40B,_K41X,_K42C,_K43X,_K44A,_K60W,_K80B/_K80F/,_K81E,_K82B/_K82F/,_K83B,_L05X,_L10C,_L13C,_L15C,_L20C,_M00D,_M08X,_M09A,_M10D,_M14X,_M15A,_M17A,_M29X,_M36X,_M38E,_M39G,_M40A,_M45W,_M48X,_M53D,_M55P,_M57C,_M59X,_M62N,_M66A,_M69A,_M71A,_M73A,_M76B,_M77D,_M78A,_M79A,_M80B,_M81A,_M86A,_M87A,_M90D,_M91C,_N008,_N05S,_N15A,_N17X,_N18B,_N19C,_N20A,_N21D,_N50J,_N51M,_N52A,_N53B,_N54B,_N58X,_Q00D,_Q01F,_Q11B,_Q21W,_Q22B,_R00S,_R05A,_R10B,_R40X,_S04F,_S06X,_S09B,_S10H,_S15P,_S20H,_S25X,_S28X,_S29X,_S32M,_S41R,_S45W,_S54B/_S54X/,_S60R,_S67B,_S69A,_S72X,_S73A,_S74A,_S80X,_T01D,_T02F,_T05A,_T11B,_U00K,_U03X,_U104,_U32C,_Z05A,_Z06X,_Z07X,_Z10C,_Z12A,_Z14X,_Z15X,_Z16G,_Z20X,_1306,_1351,_440B,_D00D,_D10A,_D15A,_E10F,_H00D,_H05D,_H15B,_H30H,_L00A,_M05P,_M18A,_M47W,_M63E,_M65S,_M67C,_M85A,_Q20D,_R06A,_S00S,_S02A,_S03R,_S07A,_S36F,_S44A,_T12C,_T13F,,
_A026,_1406,_300S,_400M,_A50B,_C00N,_E00E/_E00G/,_4351,_120T,_210D,_230A,_425C,_430V,_445A,_A001,_710G,_A03C,_A209,_A35B,_A60X,_B00L,_C06C/_C06X/,_C08C,_C15X,_C30B,_F00A,_F05X,_F10P,_G00M,_G10X,_H10C,_H12X,_H13X,_J00B,_J10J,_J13X,_J14A,_J16E,_J17P/_J17X/,_K05A,_K12A,_K15J,_K20E,_K21H,_K304,_K31X,_K39X,_K40B,_K41X,_K42C,_K43X,_K44A,_K60W,_K80B/_K80F/,_K81E,_K82B/_K82F/,_K83B,_L05X,_L10C,_L13C,_L15C,_L20C,_M00D,_M08X,_M09A,_M10D,_M14X,_M15A,_M17A,_M29X,_M36X,_M38E,_M39G,_M40A,_M45W,_M48X,_M53D,_M55P,_M57C,_M59X,_M62N,_M66A,_M69A,_M71A,_M73A,_M76B,_M77D,_M78A,_M79A,_M80B,_M81A,_M86A,_M87A,_M90D,_M91C,_N008,_N05S,_N15A,_N17X,_N18B,_N19C,_N20A,_N21D,_N50J,_N51M,_N52A,_N53B,_N54B,_N58X,_Q00D,_Q01X,_Q11B,_Q21W,_Q22D,_R00S,_R05A,_R10B,_R40X,_S04F,_S06X,_S09B,_S10H,_S15P,_S20H,_S25X,_S28X,_S29X,_S32M,_S41R,_S45W,_S54B/_S54X/,_S60R,_S67B,_S69A,_S72X,_S73A,_S74A,_S80X,_T01D,_T02F,_T05A,_T11B,_U00K,_U03X,_U104,_U32C,_Z05A,_Z06X,_Z07X,_Z10C,_Z12A,_Z14X,_Z15X,_Z16G,_Z20X,_1306,_1351,_440B,_D00D,_D10A,_D15A,_E10F,_H00D,_H05D,_H15B,_H30H,_L00A,_M05P,_M18A,_M47W,_M63E,_M65S,_M67C,_M85A,_Q20D,_R06A,_S00S,_S02A,_S03R,_S07A,_S36F,_S44A,_T12C,_T13F,,
_A026,_1406,_300S,_400M,_A50B,_C00N,_E00E/_E00G/,_4351,_120T,_210D,_230A,_425C,_430V,_445A,_H001,_710G,_A03C,_A209,_A35B,_A60X,_B00L,_C06C/_C06X/,_C08C,_C15X,_C30B,_F00A,_F05C,_F10P,_G00M,_G10X,_H10F,_H12A,_H13A,_J00B,_J10J,_J13X,_J14A,_J16E,_J17P/_J17X/,_K05A,_K12A,_K15J,_K20E,_K21H,_K30U,_K31X,_K39X,_K40B,_K41X,_K42C,_K43X,_K44A,_K60W,_K80B/_K80F/,_K81E,_K82B/_K82F/,_K83B,_L05X,_L10C,_L13C,_L15C,_L20C,_M00D,_M08X,_M09A,_M10D,_M14X,_M15A,_M17A,_M29X,_M36X,_M38E,_M39G,_M40A,_M45W,_M48X,_M53D,_M55P,_M57C,_M59X,_M62N,_M66A,_M69A,_M71A,_M73A,_M76B,_M77D,_M78A,_M79A,_M80B,_M81A,_M86A,_M87A,_M90D,_M91C,_N008,_N05S,_N15A,_N17X,_N18B,_N19C,_N20A,_N21D,_N50J,_N51M,_N52A,_N53B,_N54B,_N58X,_Q00D,_Q01F,_Q11B,_Q21W,_Q22B,_R00S,_R05A,_R10B,_R40X,_S04F,_S06X,_S09B,_S10H,_S15P,_S20H,_S25X,_S28X,_S29X,_S32M,_S41R,_S45W,_S54B/_S54X/,_S60R,_S67B,_S69A,_S72X,_S73A,_S74A,_S80C,_T01D,_T02F,_T05A,_T11B,_U00K,_U03X,_U104,_U32C,_Z05A,_Z06X,_Z07X,_Z10C,_Z12A,_Z14X,_Z15X,_Z16G,_Z20X,_1306,_1351,_440B,_D00D,_D10A,_D15A,_E10F,_H00D,_H05D,_H15B,_H30H,_L00A,_M05P,_M18A,_M47W,_M63E,_M65S,_M67C,_M85A,_Q20D,_R06A,_S00S,_S02A,_S03R,_S07A,_S36F,_S44A,_T12C,_T13F,,
_A026,_1406,_300S,_400M,_A50B,_C00N,_E00E/_E00G/,_4351,_120T,_210D,_230A,_425C,_430V,_445A,_H001,_710G,_A03C,_A209,_A35B,_A60X,_B00L,_C06C/_C06X/,_C08C,_C15X,_C30B,_F00A,_F05C,_F10P,_G00M,_G10X,_H10F,_H12A,_H13A,_J00B,_J10J,_J13X,_J14A,_J16E,_J17P/_J17X/,_K05A,_K12A,_K15J,_K20E,_K21H,_K30U,_K31X,_K39X,_K40B,_K41X,_K42C,_K43X,_K44A,_K60W,_K80B/_K80F/,_K81E,_K82B/_K82F/,_K83B,_L05X,_L10C,_L13C,_L15C,_L20C,_M00D,_M08X,_M09A,_M10D,_M14X,_M15A,_M17A,_M29X,_M36X,_M38E,_M39G,_M40A,_M45W,_M48X,_M53D,_M55P,_M57C,_M59X,_M62N,_M66A,_M69A,_M71A,_M73A,_M76B,_M77D,_M78A,_M79A,_M80B,_M81A,_M86A,_M87A,_M90D,_M91C,_N008,_N05S,_N15A,_N17X,_N18B,_N19C,_N20A,_N21D,_N50J,_N51M,_N52A,_N53B,_N54B,_N58X,_Q00D,_Q01X,_Q11B,_Q21W,_Q22D,_R00S,_R05A,_R10B,_R40X,_S04F,_S06X,_S09B,_S10H,_S15P,_S20H,_S25X,_S28X,_S29X,_S32M,_S41R,_S45W,_S54B/_S54X/,_S60R,_S67B,_S69A,_S72X,_S73A,_S74A,_S80C,_T01D,_T02F,_T05A,_T11B,_U00K,_U03X,_U104,_U32C,_Z05A,_Z06X,_Z07X,_Z10C,_Z12A,_Z14X,_Z15X,_Z16G,_Z20X,_1306,_1351,_440B,_D00D,_D10A,_D15A,_E10F,_H00D,_H05D,_H15B,_H30H,_L00A,_M05P,_M18A,_M47W,_M63E,_M65S,_M67C,_M85A,_Q20D,_R06A,_S00S,_S02A,_S03R,_S07A,_S36F,_S44A,_T12C,_T13F,,
_A026,_1406,_300S,_400M,_A50B,_C00N,_E00E/_E00G/,_4351,_120T,_210D,_230A,_425C,_430V,_445A,_H001,_710G,_A03C,_A209,_A35B,_A60X,_B00L,_C06C/_C06X/,_C08C,_C15X,_C30B,_F00A,_F05X,_F10P,_G00M,_G10X,_H10C,_H12X,_H13X,_J00B,_J10J,_J13X,_J14A,_J16E,_J17P/_J17X/,_K05A,_K12A,_K15J,_K20E,_K21H,_K304,_K31X,_K39X,_K40B,_K41X,_K42C,_K43X,_K44A,_K60W,_K80B/_K80F/,_K81E,_K82B/_K82F/,_K83B,_L05X,_L10C,_L13C,_L15C,_L20C,_M00D,_M08X,_M09A,_M10D,_M14X,_M15A,_M17A,_M29X,_M36X,_M38E,_M39G,_M40A,_M45W,_M48X,_M53D,_M55P,_M57C,_M59X,_M62N,_M66A,_M69A,_M71A,_M73A,_M76B,_M77D,_M78A,_M79A,_M80B,_M81A,_M86A,_M87A,_M90D,_M91C,_N008,_N05S,_N15A,_N17X,_N18B,_N19C,_N20A,_N21D,_N50J,_N51M,_N52A,_N53B,_N54B,_N58X,_Q00D,_Q01F,_Q11B,_Q21W,_Q22B,_R00S,_R05A,_R10B,_R40X,_S04F,_S06X,_S09B,_S10H,_S15P,_S20H,_S25X,_S28X,_S29X,_S32M,_S41R,_S45W,_S54B/_S54X/,_S60R,_S67B,_S69A,_S72X,_S73A,_S74A,_S80X,_T01D,_T02F,_T05A,_T11B,_U00K,_U03X,_U104,_U32C,_Z05A,_Z06X,_Z07X,_Z10C,_Z12A,_Z14X,_Z15X,_Z16G,_Z20X,_1306,_1351,_440B,_D00D,_D10A,_D15A,_E10F,_H00D,_H05D,_H15B,_H30H,_L00A,_M05P,_M18A,_M47W,_M63E,_M65S,_M67C,_M85A,_Q20D,_R06A,_S00S,_S02A,_S03R,_S07A,_S36F,_S44A,_T12C,_T13F,,
_A026,_1406,_300S,_400M,_A50B,_C00N,_E00E/_E00G/,_4351,_120T,_210D,_230A,_425C,_430V,_445A,_H001,_710G,_A03C,_A209,_A35B,_A60X,_B00L,_C06C/_C06X/,_C08C,_C15X,_C30B,_F00A,_F05X,_F10P,_G00M,_G10X,_H10C,_H12X,_H13X,_J00B,_J10J,_J13X,_J14A,_J16E,_J17P/_J17X/,_K05A,_K12A,_K15J,_K20E,_K21H,_K304,_K31X,_K39X,_K40B,_K41X,_K42C,_K43X,_K44A,_K60W,_K80B/_K80F/,_K81E,_K82B/_K82F/,_K83B,_L05X,_L10C,_L13C,_L15C,_L20C,_M00D,_M08X,_M09A,_M10D,_M14X,_M15A,_M17A,_M29X,_M36X,_M38E,_M39G,_M40A,_M45W,_M48X,_M53D,_M55P,_M57C,_M59X,_M62N,_M66A,_M69A,_M71A,_M73A,_M76B,_M77D,_M78A,_M79A,_M80B,_M81A,_M86A,_M87A,_M90D,_M91C,_N008,_N05S,_N15A,_N17X,_N18B,_N19C,_N20A,_N21D,_N50J,_N51M,_N52A,_N53B,_N54B,_N58X,_Q00D,_Q01X,_Q11B,_Q21W,_Q22D,_R00S,_R05A,_R10B,_R40X,_S04F,_S06X,_S09B,_S10H,_S15P,_S20H,_S25X,_S28X,_S29X,_S32M,_S41R,_S45W,_S54B/_S54X/,_S60R,_S67B,_S69A,_S72X,_S73A,_S74A,_S80X,_T01D,_T02F,_T05A,_T11B,_U00K,_U03X,_U104,_U32C,_Z05A,_Z06X,_Z07X,_Z10C,_Z12A,_Z14X,_Z15X,_Z16G,_Z20X,_1306,_1351,_440B,_D00D,_D10A,_D15A,_E10F,_H00D,_H05D,_H15B,_H30H,_L00A,_M05P,_M18A,_M47W,_M63E,_M65S,_M67C,_M85A,_Q20D,_R06A,_S00S,_S02A,_S03R,_S07A,_S36F,_S44A,_T12C,_T13F,,
